district_id,district_name,state_id,state_name,district_latitude,district_longitude,population,population_density,literacy_rate,poverty_rate,infrastructure_gap_index
DIST-001,Uttar Pradesh District 1,ST-01,Uttar Pradesh,16.989,94.62,2030604,402.8,67.0,9.7,0.756
DIST-002,Uttar Pradesh District 2,ST-01,Uttar Pradesh,22.4268,87.826,3145599,226.8,93.0,33.0,0.299
DIST-003,Uttar Pradesh District 3,ST-01,Uttar Pradesh,12.3638,73.1353,1657765,761.5,71.3,26.4,0.248
DIST-004,Uttar Pradesh District 4,ST-01,Uttar Pradesh,15.0115,78.2581,564310,792.9,87.1,14.0,0.51
DIST-005,Uttar Pradesh District 5,ST-01,Uttar Pradesh,22.2179,69.3006,826126,284.6,92.4,37.0,0.716
DIST-006,Uttar Pradesh District 6,ST-01,Uttar Pradesh,15.3107,70.7348,1772406,1089.5,76.1,11.7,0.497
DIST-007,Uttar Pradesh District 7,ST-01,Uttar Pradesh,8.8253,93.461,2216128,605.2,78.6,24.4,0.279
DIST-008,Uttar Pradesh District 8,ST-01,Uttar Pradesh,31.27,89.7037,797772,1421.3,90.6,25.9,0.795
DIST-009,Uttar Pradesh District 9,ST-01,Uttar Pradesh,10.1238,73.4875,1386337,705.3,70.7,32.9,0.4
DIST-010,Uttar Pradesh District 10,ST-01,Uttar Pradesh,14.7424,83.1955,1263565,383.2,87.7,10.2,0.841
DIST-011,Uttar Pradesh District 11,ST-01,Uttar Pradesh,26.5339,73.564,2459576,1202.7,64.4,18.8,0.231
DIST-012,Uttar Pradesh District 12,ST-01,Uttar Pradesh,28.7145,85.4523,2339949,630.2,64.0,17.3,0.378
DIST-013,Uttar Pradesh District 13,ST-01,Uttar Pradesh,25.5105,85.8516,1416918,355.5,84.8,30.8,0.543
DIST-014,Uttar Pradesh District 14,ST-01,Uttar Pradesh,26.5032,81.8263,2426029,879.6,75.7,8.8,0.226
DIST-015,Uttar Pradesh District 15,ST-01,Uttar Pradesh,8.7543,85.8195,1537826,1379.8,70.0,20.3,0.679
DIST-016,Uttar Pradesh District 16,ST-01,Uttar Pradesh,13.4912,70.1554,543734,576.7,67.2,35.9,0.716
DIST-017,Uttar Pradesh District 17,ST-01,Uttar Pradesh,23.2017,92.4009,1127056,1360.3,79.3,32.2,0.777
DIST-018,Uttar Pradesh District 18,ST-01,Uttar Pradesh,15.6321,71.0815,1898612,496.3,75.7,32.5,0.753
DIST-019,Uttar Pradesh District 19,ST-01,Uttar Pradesh,8.1669,82.3009,723832,355.8,72.8,36.3,0.376
DIST-020,Uttar Pradesh District 20,ST-01,Uttar Pradesh,20.451,87.6845,1190254,672.7,93.1,36.9,0.326
DIST-021,Uttar Pradesh District 21,ST-01,Uttar Pradesh,19.934,76.4246,1513771,266.9,70.9,35.2,0.318
DIST-022,Uttar Pradesh District 22,ST-01,Uttar Pradesh,11.4775,81.7047,5033474,1481.3,69.7,28.2,0.683
DIST-023,Uttar Pradesh District 23,ST-01,Uttar Pradesh,13.7033,88.3901,2962064,1023.6,79.1,10.7,0.735
DIST-024,Uttar Pradesh District 24,ST-01,Uttar Pradesh,15.6987,73.2225,728741,253.0,80.9,28.3,0.162
DIST-025,Uttar Pradesh District 25,ST-01,Uttar Pradesh,20.2902,74.3419,863585,1098.2,74.4,36.1,0.246
DIST-026,Uttar Pradesh District 26,ST-01,Uttar Pradesh,16.1856,71.1773,1861319,1402.1,90.1,15.7,0.612
DIST-027,Uttar Pradesh District 27,ST-01,Uttar Pradesh,27.6133,83.5456,657538,321.0,90.7,35.0,0.593
DIST-028,Uttar Pradesh District 28,ST-01,Uttar Pradesh,16.1367,77.7779,1610921,1143.7,90.7,34.6,0.696
DIST-029,Uttar Pradesh District 29,ST-01,Uttar Pradesh,23.4088,70.3559,1700675,206.6,67.1,24.5,0.634
DIST-030,Uttar Pradesh District 30,ST-01,Uttar Pradesh,23.6471,74.2795,1027690,1125.8,69.6,17.8,0.673
DIST-031,Uttar Pradesh District 31,ST-01,Uttar Pradesh,23.5912,91.7783,2215591,321.8,73.8,16.0,0.321
DIST-032,Uttar Pradesh District 32,ST-01,Uttar Pradesh,31.3523,79.0067,3791970,1359.7,82.2,31.8,0.502
DIST-033,Uttar Pradesh District 33,ST-01,Uttar Pradesh,21.8457,81.7905,2008369,565.0,62.8,27.4,0.274
DIST-034,Uttar Pradesh District 34,ST-01,Uttar Pradesh,30.571,94.71,956868,1389.3,73.8,8.5,0.8
DIST-035,Maharashtra District 1,ST-02,Maharashtra,18.2764,95.0663,961839,1306.5,72.1,13.1,0.54
DIST-036,Maharashtra District 2,ST-02,Maharashtra,30.4677,87.4888,688710,941.1,65.1,26.5,0.843
DIST-037,Maharashtra District 3,ST-02,Maharashtra,11.362,82.5132,1756605,1106.1,84.5,18.8,0.356
DIST-038,Maharashtra District 4,ST-02,Maharashtra,27.4247,90.6832,1944260,1327.2,91.2,23.3,0.501
DIST-039,Maharashtra District 5,ST-02,Maharashtra,27.1591,86.199,2366685,1357.0,72.8,19.3,0.216
DIST-040,Maharashtra District 6,ST-02,Maharashtra,21.8787,69.0064,2034367,805.3,79.4,16.6,0.564
DIST-041,Maharashtra District 7,ST-02,Maharashtra,8.732,69.0457,1160120,365.2,78.7,31.1,0.301
DIST-042,Maharashtra District 8,ST-02,Maharashtra,22.9494,70.3897,2531886,267.2,79.0,24.2,0.596
DIST-043,Maharashtra District 9,ST-02,Maharashtra,25.4262,95.3239,533614,1233.7,70.7,21.2,0.205
DIST-044,Maharashtra District 10,ST-02,Maharashtra,8.6084,94.9542,1612388,1286.8,84.3,20.3,0.271
DIST-045,Maharashtra District 11,ST-02,Maharashtra,11.7545,75.0068,3550954,1058.3,71.0,36.6,0.667
DIST-046,Maharashtra District 12,ST-02,Maharashtra,21.3045,85.1282,1798549,745.5,69.9,18.7,0.68
DIST-047,Maharashtra District 13,ST-02,Maharashtra,8.3454,71.25,1833816,816.4,65.1,22.7,0.481
DIST-048,Maharashtra District 14,ST-02,Maharashtra,12.1568,80.1478,2163671,718.1,81.7,27.1,0.182
DIST-049,Maharashtra District 15,ST-02,Maharashtra,16.9907,85.5241,2627601,1056.3,67.2,10.1,0.6
DIST-050,Maharashtra District 16,ST-02,Maharashtra,8.6363,84.4017,1476398,1422.3,80.4,19.6,0.6
DIST-051,Maharashtra District 17,ST-02,Maharashtra,18.9981,83.2773,1361513,1449.5,91.0,13.9,0.199
DIST-052,Maharashtra District 18,ST-02,Maharashtra,10.4187,68.5102,1971210,322.8,83.9,10.1,0.373
DIST-053,Maharashtra District 19,ST-02,Maharashtra,28.277,68.6516,1093963,353.6,84.3,26.9,0.764
DIST-054,Maharashtra District 20,ST-02,Maharashtra,25.6417,90.4975,2246313,566.6,67.7,30.5,0.715
DIST-055,Maharashtra District 21,ST-02,Maharashtra,31.7721,79.5533,2782422,643.0,91.8,33.8,0.45
DIST-056,Maharashtra District 22,ST-02,Maharashtra,26.0209,89.1272,1092756,334.1,90.9,23.2,0.729
DIST-057,Maharashtra District 23,ST-02,Maharashtra,15.6812,93.0747,1727322,1435.8,80.4,27.0,0.464
DIST-058,Maharashtra District 24,ST-02,Maharashtra,15.0371,77.2026,1376326,1074.3,86.1,31.7,0.703
DIST-059,Maharashtra District 25,ST-02,Maharashtra,10.1889,81.8438,1525606,774.0,90.4,18.5,0.232
DIST-060,Maharashtra District 26,ST-02,Maharashtra,11.4318,89.3223,1046978,1003.7,65.2,10.5,0.641
DIST-061,Maharashtra District 27,ST-02,Maharashtra,9.7463,91.0121,1160638,310.3,93.6,19.2,0.409
DIST-062,Maharashtra District 28,ST-02,Maharashtra,27.5072,94.523,1649569,1481.8,86.1,19.3,0.208
DIST-063,Maharashtra District 29,ST-02,Maharashtra,26.6515,83.6353,2255381,344.6,77.8,8.3,0.478
DIST-064,Maharashtra District 30,ST-02,Maharashtra,9.3513,71.3269,1355974,352.8,82.8,30.4,0.558
DIST-065,Maharashtra District 31,ST-02,Maharashtra,31.0921,78.4964,2074170,490.7,92.8,8.4,0.829
DIST-066,Maharashtra District 32,ST-02,Maharashtra,9.0358,92.952,1201870,886.0,93.8,10.2,0.538
DIST-067,Maharashtra District 33,ST-02,Maharashtra,31.2633,82.6467,3034544,790.9,82.1,25.5,0.781
DIST-068,Maharashtra District 34,ST-02,Maharashtra,9.0907,75.867,2372928,1435.5,90.5,21.7,0.584
DIST-069,Bihar District 1,ST-03,Bihar,14.6571,73.2674,507906,958.8,64.5,37.2,0.84
DIST-070,Bihar District 2,ST-03,Bihar,24.7559,83.0107,1129315,602.4,88.0,28.5,0.264
DIST-071,Bihar District 3,ST-03,Bihar,29.8623,91.031,759095,1412.5,89.7,9.4,0.168
DIST-072,Bihar District 4,ST-03,Bihar,17.0351,90.6955,3670099,1483.5,66.8,25.8,0.417
DIST-073,Bihar District 5,ST-03,Bihar,31.2779,91.5793,1387105,739.3,70.7,9.7,0.755
DIST-074,Bihar District 6,ST-03,Bihar,27.5096,95.9921,2727533,1495.6,79.8,31.1,0.811
DIST-075,Bihar District 7,ST-03,Bihar,28.3915,74.9257,861292,1440.3,81.4,14.9,0.62
DIST-076,Bihar District 8,ST-03,Bihar,22.8351,78.0286,1367931,347.6,83.5,23.6,0.691
DIST-077,Bihar District 9,ST-03,Bihar,20.4839,91.8611,4115924,1339.6,74.9,12.0,0.17
DIST-078,Bihar District 10,ST-03,Bihar,26.1233,85.3687,3533044,1115.3,68.8,12.1,0.16
DIST-079,Bihar District 11,ST-03,Bihar,16.4141,84.5177,812905,1375.4,73.1,23.4,0.699
DIST-080,Bihar District 12,ST-03,Bihar,17.517,85.4184,529868,1321.1,92.4,12.4,0.799
DIST-081,Bihar District 13,ST-03,Bihar,19.8108,75.2308,1779837,840.4,72.5,27.0,0.318
DIST-082,Bihar District 14,ST-03,Bihar,9.8207,71.6086,1445047,366.5,66.9,12.2,0.599
DIST-083,Bihar District 15,ST-03,Bihar,12.3651,77.6787,1423544,1067.8,67.5,13.8,0.179
DIST-084,Bihar District 16,ST-03,Bihar,12.0544,75.8005,2368035,430.1,64.8,11.6,0.473
DIST-085,Bihar District 17,ST-03,Bihar,12.952,78.1996,3922981,251.1,87.6,26.8,0.207
DIST-086,Bihar District 18,ST-03,Bihar,28.9659,93.7844,1494992,279.4,70.9,32.2,0.674
DIST-087,Bihar District 19,ST-03,Bihar,12.4285,73.8618,1280132,1003.7,73.8,21.9,0.673
DIST-088,Bihar District 20,ST-03,Bihar,8.8804,75.0682,464649,1127.4,90.6,23.4,0.522
DIST-089,Bihar District 21,ST-03,Bihar,10.5721,80.5275,657879,550.0,74.1,8.6,0.375
DIST-090,Bihar District 22,ST-03,Bihar,13.0748,77.1699,1626159,355.7,90.5,25.8,0.625
DIST-091,Bihar District 23,ST-03,Bihar,26.9401,81.9564,1526799,962.9,85.9,20.9,0.239
DIST-092,Bihar District 24,ST-03,Bihar,14.8106,78.1663,954896,1039.7,80.3,18.7,0.841
DIST-093,Bihar District 25,ST-03,Bihar,22.5386,74.6424,1060953,442.5,71.1,13.2,0.778
DIST-094,Bihar District 26,ST-03,Bihar,9.9256,82.6863,1151340,733.5,93.4,11.4,0.428
DIST-095,Bihar District 27,ST-03,Bihar,31.2673,92.2342,1100873,422.2,83.4,35.9,0.54
DIST-096,Bihar District 28,ST-03,Bihar,21.7187,75.8394,2142953,1200.3,68.0,17.7,0.448
DIST-097,Bihar District 29,ST-03,Bihar,20.1826,74.7875,1672552,575.2,80.6,12.6,0.487
DIST-098,Bihar District 30,ST-03,Bihar,20.7821,69.4511,934569,637.6,66.3,9.9,0.843
DIST-099,Bihar District 31,ST-03,Bihar,15.7365,90.6765,2230744,1188.3,81.1,22.1,0.438
DIST-100,Bihar District 32,ST-03,Bihar,16.3728,94.0268,834966,1279.8,92.9,11.7,0.662
DIST-101,Bihar District 33,ST-03,Bihar,30.5202,73.0745,1533855,946.8,88.9,12.2,0.707
DIST-102,Bihar District 34,ST-03,Bihar,12.8391,72.5824,1358866,413.5,88.1,28.0,0.516
DIST-103,West Bengal District 1,ST-04,West Bengal,16.6119,92.5616,2678070,770.9,74.1,21.9,0.361
DIST-104,West Bengal District 2,ST-04,West Bengal,25.9426,82.0762,1197758,501.9,90.8,19.5,0.53
DIST-105,West Bengal District 3,ST-04,West Bengal,29.7553,85.4787,701311,381.1,87.4,26.6,0.523
DIST-106,West Bengal District 4,ST-04,West Bengal,29.4534,90.0807,2602223,397.2,72.0,15.5,0.671
DIST-107,West Bengal District 5,ST-04,West Bengal,8.8048,83.9569,1866340,644.7,88.3,11.3,0.743
DIST-108,West Bengal District 6,ST-04,West Bengal,11.0597,79.124,1735543,1236.5,66.8,14.9,0.656
DIST-109,West Bengal District 7,ST-04,West Bengal,25.2809,85.9521,1806166,527.3,73.1,13.4,0.786
DIST-110,West Bengal District 8,ST-04,West Bengal,22.0014,79.2238,3754245,800.6,92.3,12.6,0.56
DIST-111,West Bengal District 9,ST-04,West Bengal,20.1413,85.1207,1551445,1105.6,91.5,29.2,0.257
DIST-112,West Bengal District 10,ST-04,West Bengal,21.8309,84.988,2111445,751.4,85.6,36.0,0.798
DIST-113,West Bengal District 11,ST-04,West Bengal,18.8201,71.1707,1510365,968.7,74.8,9.6,0.385
DIST-114,West Bengal District 12,ST-04,West Bengal,27.2685,68.1297,2538530,633.5,74.7,24.1,0.794
DIST-115,West Bengal District 13,ST-04,West Bengal,16.3123,77.7147,1241843,492.0,76.5,12.2,0.273
DIST-116,West Bengal District 14,ST-04,West Bengal,19.9608,79.7299,3383802,1389.3,73.6,25.4,0.593
DIST-117,West Bengal District 15,ST-04,West Bengal,8.3143,86.579,1284083,311.0,93.9,23.1,0.567
DIST-118,West Bengal District 16,ST-04,West Bengal,9.6098,88.9989,844700,472.9,90.7,14.2,0.283
DIST-119,West Bengal District 17,ST-04,West Bengal,8.8772,81.2179,1028464,1208.2,76.5,23.7,0.459
DIST-120,West Bengal District 18,ST-04,West Bengal,17.6183,83.6699,1549147,401.8,67.8,33.9,0.812
DIST-121,West Bengal District 19,ST-04,West Bengal,16.9594,75.5809,842991,233.0,67.0,29.5,0.611
DIST-122,West Bengal District 20,ST-04,West Bengal,8.6503,74.2152,3527624,500.4,83.5,8.6,0.223
DIST-123,West Bengal District 21,ST-04,West Bengal,27.198,72.9993,797259,329.3,69.8,29.7,0.749
DIST-124,West Bengal District 22,ST-04,West Bengal,27.9253,79.1211,2098008,1068.5,68.6,16.8,0.777
DIST-125,West Bengal District 23,ST-04,West Bengal,8.312,70.3942,1729022,747.9,90.6,32.5,0.389
DIST-126,West Bengal District 24,ST-04,West Bengal,14.2262,78.6314,785788,967.4,70.6,26.7,0.437
DIST-127,West Bengal District 25,ST-04,West Bengal,21.2491,80.2115,1632313,1192.7,66.5,34.1,0.491
DIST-128,West Bengal District 26,ST-04,West Bengal,29.4693,90.3959,1399524,752.8,62.7,16.1,0.529
DIST-129,West Bengal District 27,ST-04,West Bengal,23.2035,75.2209,1599869,1479.7,78.8,13.2,0.341
DIST-130,West Bengal District 28,ST-04,West Bengal,8.4414,93.6004,1339769,353.1,80.4,16.2,0.538
DIST-131,West Bengal District 29,ST-04,West Bengal,23.6341,91.2328,1669466,980.7,83.3,13.3,0.79
DIST-132,West Bengal District 30,ST-04,West Bengal,18.0505,78.7279,2400879,874.6,63.5,13.0,0.667
DIST-133,West Bengal District 31,ST-04,West Bengal,9.9872,84.8883,1081912,575.3,73.4,29.6,0.358
DIST-134,West Bengal District 32,ST-04,West Bengal,21.5937,81.3294,726991,1062.8,92.0,30.0,0.3
DIST-135,West Bengal District 33,ST-04,West Bengal,8.7484,75.3434,1101497,845.3,81.1,18.0,0.69
DIST-136,West Bengal District 34,ST-04,West Bengal,10.5584,70.1039,1561261,1146.6,77.9,28.7,0.454
DIST-137,Madhya Pradesh District 1,ST-05,Madhya Pradesh,13.9136,90.9349,2015149,553.8,80.9,18.8,0.214
DIST-138,Madhya Pradesh District 2,ST-05,Madhya Pradesh,30.0155,71.8309,2388741,1435.3,76.3,13.6,0.529
DIST-139,Madhya Pradesh District 3,ST-05,Madhya Pradesh,28.9507,88.5023,1943294,1100.0,89.2,15.5,0.493
DIST-140,Madhya Pradesh District 4,ST-05,Madhya Pradesh,13.309,95.6547,2521565,1427.3,63.3,29.2,0.798
DIST-141,Madhya Pradesh District 5,ST-05,Madhya Pradesh,12.3338,83.9025,855525,1401.7,93.1,36.3,0.482
DIST-142,Madhya Pradesh District 6,ST-05,Madhya Pradesh,28.689,91.6474,2486971,614.8,88.5,9.1,0.567
DIST-143,Madhya Pradesh District 7,ST-05,Madhya Pradesh,13.5202,71.3759,1641411,641.8,85.2,10.0,0.371
DIST-144,Madhya Pradesh District 8,ST-05,Madhya Pradesh,20.9478,90.1402,1156172,614.4,82.0,34.6,0.581
DIST-145,Madhya Pradesh District 9,ST-05,Madhya Pradesh,13.591,68.6832,1530556,1420.8,87.6,37.9,0.395
DIST-146,Madhya Pradesh District 10,ST-05,Madhya Pradesh,26.4125,79.2541,2502348,823.8,82.1,34.2,0.839
DIST-147,Madhya Pradesh District 11,ST-05,Madhya Pradesh,26.4386,79.6975,3235797,510.4,65.5,18.6,0.351
DIST-148,Madhya Pradesh District 12,ST-05,Madhya Pradesh,15.1114,74.541,1130951,254.7,62.6,37.6,0.449
DIST-149,Madhya Pradesh District 13,ST-05,Madhya Pradesh,17.2238,87.0301,2402838,1428.2,77.0,26.4,0.267
DIST-150,Madhya Pradesh District 14,ST-05,Madhya Pradesh,31.788,74.4868,1319819,1425.6,82.8,26.2,0.509
DIST-151,Madhya Pradesh District 15,ST-05,Madhya Pradesh,13.5361,72.9428,1075643,1213.5,73.2,9.7,0.828
DIST-152,Madhya Pradesh District 16,ST-05,Madhya Pradesh,29.2109,93.9771,1112657,1493.4,67.6,19.9,0.681
DIST-153,Madhya Pradesh District 17,ST-05,Madhya Pradesh,24.7045,72.3091,1114468,491.0,79.2,25.8,0.556
DIST-154,Madhya Pradesh District 18,ST-05,Madhya Pradesh,10.1957,92.5689,2015677,545.3,66.1,34.7,0.819
DIST-155,Madhya Pradesh District 19,ST-05,Madhya Pradesh,28.6911,90.6665,2041656,313.1,75.1,19.2,0.332
DIST-156,Madhya Pradesh District 20,ST-05,Madhya Pradesh,25.3621,81.8845,4013211,305.4,69.0,28.5,0.203
DIST-157,Madhya Pradesh District 21,ST-05,Madhya Pradesh,28.429,81.8641,5196345,1272.1,73.1,28.3,0.546
DIST-158,Madhya Pradesh District 22,ST-05,Madhya Pradesh,14.4087,92.6016,1126431,1236.7,83.1,33.5,0.757
DIST-159,Madhya Pradesh District 23,ST-05,Madhya Pradesh,25.0007,91.4364,2503843,1004.2,86.1,12.8,0.767
DIST-160,Madhya Pradesh District 24,ST-05,Madhya Pradesh,28.9242,68.8189,2635669,1273.6,66.1,18.1,0.67
DIST-161,Madhya Pradesh District 25,ST-05,Madhya Pradesh,11.8582,90.9031,1490127,208.3,71.2,26.5,0.837
DIST-162,Tamil Nadu District 1,ST-06,Tamil Nadu,23.1635,75.2745,2783517,1024.2,79.3,31.4,0.225
DIST-163,Tamil Nadu District 2,ST-06,Tamil Nadu,26.2647,83.1555,1400517,1022.4,91.8,11.1,0.806
DIST-164,Tamil Nadu District 3,ST-06,Tamil Nadu,24.5093,69.8994,1688769,591.3,84.7,10.0,0.558
DIST-165,Tamil Nadu District 4,ST-06,Tamil Nadu,16.3012,85.3856,1110742,1185.7,62.8,8.7,0.377
DIST-166,Tamil Nadu District 5,ST-06,Tamil Nadu,19.7274,89.5714,1773748,1088.3,76.3,16.2,0.848
DIST-167,Tamil Nadu District 6,ST-06,Tamil Nadu,18.2284,80.6388,1830330,1101.8,69.1,10.5,0.626
DIST-168,Tamil Nadu District 7,ST-06,Tamil Nadu,23.7083,75.6513,1142778,1436.1,66.8,21.0,0.811
DIST-169,Tamil Nadu District 8,ST-06,Tamil Nadu,18.0735,85.8787,685043,1479.2,75.1,34.8,0.311
DIST-170,Tamil Nadu District 9,ST-06,Tamil Nadu,13.1145,68.8718,1039287,1047.2,73.8,33.9,0.481
DIST-171,Tamil Nadu District 10,ST-06,Tamil Nadu,31.2366,73.1947,1743425,1202.2,89.0,30.8,0.588
DIST-172,Tamil Nadu District 11,ST-06,Tamil Nadu,11.1499,68.9107,1845713,1397.1,81.7,31.9,0.487
DIST-173,Tamil Nadu District 12,ST-06,Tamil Nadu,10.8154,71.5052,1047381,460.7,77.7,9.9,0.557
DIST-174,Tamil Nadu District 13,ST-06,Tamil Nadu,14.4558,90.3317,3614522,603.5,76.6,8.3,0.201
DIST-175,Tamil Nadu District 14,ST-06,Tamil Nadu,17.4198,81.4383,665336,1103.5,89.5,31.4,0.178
DIST-176,Tamil Nadu District 15,ST-06,Tamil Nadu,19.5322,70.938,2148342,514.7,93.6,12.3,0.499
DIST-177,Tamil Nadu District 16,ST-06,Tamil Nadu,22.8357,87.669,1315224,624.4,78.6,10.6,0.395
DIST-178,Tamil Nadu District 17,ST-06,Tamil Nadu,8.7969,70.2002,1488743,716.0,66.2,25.0,0.633
DIST-179,Tamil Nadu District 18,ST-06,Tamil Nadu,27.2141,73.6042,2956976,241.1,92.0,9.6,0.529
DIST-180,Tamil Nadu District 19,ST-06,Tamil Nadu,25.0175,92.3871,2332186,1128.3,87.7,18.2,0.72
DIST-181,Tamil Nadu District 20,ST-06,Tamil Nadu,9.9228,93.0549,2838246,788.0,82.6,23.8,0.662
DIST-182,Tamil Nadu District 21,ST-06,Tamil Nadu,9.9591,69.6899,1621398,521.2,67.1,34.2,0.303
DIST-183,Tamil Nadu District 22,ST-06,Tamil Nadu,31.4208,77.4331,1907716,1056.3,77.9,24.7,0.653
DIST-184,Tamil Nadu District 23,ST-06,Tamil Nadu,13.4829,95.8973,1102565,1467.2,82.8,14.0,0.626
DIST-185,Tamil Nadu District 24,ST-06,Tamil Nadu,9.7328,68.8583,1291495,1328.8,85.3,30.3,0.448
DIST-186,Tamil Nadu District 25,ST-06,Tamil Nadu,16.3024,78.3891,637754,1483.9,63.3,34.0,0.555
DIST-187,Rajasthan District 1,ST-07,Rajasthan,18.5268,88.3072,2518919,1370.9,75.5,16.3,0.565
DIST-188,Rajasthan District 2,ST-07,Rajasthan,29.8967,73.8985,1440852,1009.9,82.2,30.0,0.242
DIST-189,Rajasthan District 3,ST-07,Rajasthan,25.1798,93.4529,1115538,1462.8,67.8,33.6,0.495
DIST-190,Rajasthan District 4,ST-07,Rajasthan,13.9335,92.381,1049881,778.9,78.5,18.8,0.565
DIST-191,Rajasthan District 5,ST-07,Rajasthan,11.9246,78.9503,768856,1205.5,66.2,37.1,0.468
DIST-192,Rajasthan District 6,ST-07,Rajasthan,13.6652,70.0579,2624532,420.7,78.6,18.1,0.73
DIST-193,Rajasthan District 7,ST-07,Rajasthan,18.3413,74.964,3110767,417.2,67.4,9.1,0.665
DIST-194,Rajasthan District 8,ST-07,Rajasthan,23.9313,81.2897,2247009,1297.4,87.8,25.6,0.758
DIST-195,Rajasthan District 9,ST-07,Rajasthan,12.9402,71.1337,1417208,890.5,92.0,9.2,0.235
DIST-196,Rajasthan District 10,ST-07,Rajasthan,18.8528,94.1485,1441779,611.0,78.2,9.2,0.254
DIST-197,Rajasthan District 11,ST-07,Rajasthan,31.6791,95.0233,2322521,791.2,78.5,22.7,0.617
DIST-198,Rajasthan District 12,ST-07,Rajasthan,11.3516,68.8393,1746709,600.3,84.5,14.1,0.621
DIST-199,Rajasthan District 13,ST-07,Rajasthan,31.2779,70.6292,1075305,1328.6,67.7,28.8,0.737
DIST-200,Rajasthan District 14,ST-07,Rajasthan,30.6707,87.1309,3824795,846.3,81.8,34.1,0.549
DIST-201,Rajasthan District 15,ST-07,Rajasthan,8.7293,94.0666,2552957,480.4,83.1,19.8,0.606
DIST-202,Rajasthan District 16,ST-07,Rajasthan,10.5582,86.4197,2659144,1499.2,63.5,37.3,0.435
DIST-203,Rajasthan District 17,ST-07,Rajasthan,28.8981,89.9068,3291505,1342.1,74.9,17.8,0.617
DIST-204,Rajasthan District 18,ST-07,Rajasthan,27.3883,89.344,1842745,1237.2,75.9,32.5,0.234
DIST-205,Rajasthan District 19,ST-07,Rajasthan,21.0677,68.1612,849040,715.0,84.3,19.7,0.464
DIST-206,Rajasthan District 20,ST-07,Rajasthan,13.7011,78.4511,714954,495.5,64.3,26.1,0.618
DIST-207,Rajasthan District 21,ST-07,Rajasthan,22.8678,80.9778,2399768,874.8,77.3,8.8,0.389
DIST-208,Rajasthan District 22,ST-07,Rajasthan,17.1247,79.167,1248663,954.2,79.1,26.2,0.685
DIST-209,Rajasthan District 23,ST-07,Rajasthan,27.5117,88.1074,2146747,516.5,91.7,9.8,0.804
DIST-210,Rajasthan District 24,ST-07,Rajasthan,16.4389,70.8398,1690602,831.6,70.2,16.5,0.365
DIST-211,Rajasthan District 25,ST-07,Rajasthan,27.2726,83.0965,2324831,1131.0,70.7,20.4,0.235
DIST-212,Karnataka District 1,ST-08,Karnataka,12.3476,87.0713,669810,435.9,78.8,29.3,0.225
DIST-213,Karnataka District 2,ST-08,Karnataka,21.6155,75.1838,1454512,1247.8,79.6,9.3,0.593
DIST-214,Karnataka District 3,ST-08,Karnataka,30.8337,84.8451,1936213,1264.9,90.3,14.8,0.298
DIST-215,Karnataka District 4,ST-08,Karnataka,22.6635,79.5088,788642,1214.7,70.8,32.7,0.447
DIST-216,Karnataka District 5,ST-08,Karnataka,24.0212,70.675,1038769,1011.0,76.5,25.6,0.268
DIST-217,Karnataka District 6,ST-08,Karnataka,25.685,92.1583,1338896,230.7,82.5,26.2,0.533
DIST-218,Karnataka District 7,ST-08,Karnataka,13.5667,78.9454,1376548,972.8,77.9,37.6,0.246
DIST-219,Karnataka District 8,ST-08,Karnataka,24.6835,79.3209,3398519,1100.2,93.7,11.9,0.223
DIST-220,Karnataka District 9,ST-08,Karnataka,25.3841,84.1948,1113708,556.4,64.5,10.6,0.776
DIST-221,Karnataka District 10,ST-08,Karnataka,12.6048,77.0544,1061677,290.3,78.6,10.0,0.71
DIST-222,Karnataka District 11,ST-08,Karnataka,13.6091,83.1203,796537,1344.1,82.8,24.0,0.377
DIST-223,Karnataka District 12,ST-08,Karnataka,15.992,86.7456,3389815,804.8,63.9,24.9,0.82
DIST-224,Karnataka District 13,ST-08,Karnataka,12.2073,87.3201,1811216,461.2,79.1,10.9,0.465
DIST-225,Karnataka District 14,ST-08,Karnataka,26.1479,77.732,2534875,1405.3,69.5,20.0,0.257
DIST-226,Karnataka District 15,ST-08,Karnataka,31.8196,93.956,1991839,901.9,88.9,23.6,0.587
DIST-227,Karnataka District 16,ST-08,Karnataka,10.139,89.1476,1570289,1216.6,84.7,9.1,0.362
DIST-228,Karnataka District 17,ST-08,Karnataka,14.3147,78.0838,1361047,313.9,92.0,24.6,0.364
DIST-229,Karnataka District 18,ST-08,Karnataka,17.5276,80.5217,1783858,1395.2,77.9,37.8,0.746
DIST-230,Karnataka District 19,ST-08,Karnataka,13.0043,94.0567,5108925,351.3,88.2,19.4,0.765
DIST-231,Karnataka District 20,ST-08,Karnataka,28.8334,90.5659,1051738,305.2,74.9,13.2,0.636
DIST-232,Karnataka District 21,ST-08,Karnataka,16.3064,95.3171,2412131,1033.3,88.3,12.0,0.753
DIST-233,Karnataka District 22,ST-08,Karnataka,30.1462,81.6377,2943481,427.3,78.1,20.0,0.252
DIST-234,Karnataka District 23,ST-08,Karnataka,16.8208,69.9088,1941371,233.6,66.3,36.9,0.535
DIST-235,Karnataka District 24,ST-08,Karnataka,31.1797,80.1099,1516987,771.4,65.4,27.2,0.301
DIST-236,Karnataka District 25,ST-08,Karnataka,22.8701,86.2056,547034,397.6,64.0,31.4,0.472
DIST-237,Gujarat District 1,ST-09,Gujarat,9.3959,95.8563,1582210,1478.8,69.7,12.3,0.235
DIST-238,Gujarat District 2,ST-09,Gujarat,15.2786,70.8293,1241035,1099.8,64.0,23.3,0.848
DIST-239,Gujarat District 3,ST-09,Gujarat,27.5353,85.2261,2361427,885.2,75.6,11.9,0.771
DIST-240,Gujarat District 4,ST-09,Gujarat,18.7948,73.4494,699101,678.1,75.3,32.8,0.664
DIST-241,Gujarat District 5,ST-09,Gujarat,26.4633,68.3089,1101016,224.9,70.3,30.8,0.246
DIST-242,Gujarat District 6,ST-09,Gujarat,20.8474,74.0257,402109,215.8,69.7,37.3,0.711
DIST-243,Gujarat District 7,ST-09,Gujarat,31.0298,81.6599,1559366,790.7,89.0,10.9,0.492
DIST-244,Gujarat District 8,ST-09,Gujarat,11.6012,77.0909,902988,1158.6,77.2,19.3,0.426
DIST-245,Gujarat District 9,ST-09,Gujarat,19.0267,89.9805,1051221,1094.6,76.0,15.6,0.739
DIST-246,Gujarat District 10,ST-09,Gujarat,8.9222,93.2493,2470552,799.9,82.4,27.8,0.777
DIST-247,Gujarat District 11,ST-09,Gujarat,23.2801,85.1901,1492558,395.2,85.6,23.4,0.626
DIST-248,Gujarat District 12,ST-09,Gujarat,9.0001,70.3742,1007810,1131.2,64.3,10.1,0.158
DIST-249,Gujarat District 13,ST-09,Gujarat,30.956,88.6502,748957,654.6,86.8,27.8,0.28
DIST-250,Gujarat District 14,ST-09,Gujarat,12.1786,70.7551,903646,1058.4,86.5,16.0,0.165
DIST-251,Gujarat District 15,ST-09,Gujarat,9.9721,95.1001,2416966,1012.1,74.2,14.2,0.235
DIST-252,Gujarat District 16,ST-09,Gujarat,22.7603,89.6897,1006110,1037.1,79.0,9.3,0.828
DIST-253,Gujarat District 17,ST-09,Gujarat,27.1691,76.199,1511338,957.1,85.9,32.4,0.61
DIST-254,Gujarat District 18,ST-09,Gujarat,11.0743,77.4715,1679986,1406.5,69.2,19.2,0.452
DIST-255,Gujarat District 19,ST-09,Gujarat,18.5457,85.1623,1315034,1353.0,82.7,16.6,0.721
DIST-256,Gujarat District 20,ST-09,Gujarat,28.6729,91.7024,1279005,1394.6,70.1,30.7,0.472
DIST-257,Gujarat District 21,ST-09,Gujarat,28.208,88.3977,2046088,430.7,79.4,37.5,0.806
DIST-258,Gujarat District 22,ST-09,Gujarat,9.0362,72.6148,2641181,371.2,85.2,32.5,0.299
DIST-259,Gujarat District 23,ST-09,Gujarat,20.1405,91.5397,1714130,967.5,78.3,16.9,0.546
DIST-260,Gujarat District 24,ST-09,Gujarat,24.5332,92.453,3440431,1027.2,86.4,12.8,0.473
DIST-261,Gujarat District 25,ST-09,Gujarat,8.224,74.907,1323100,1240.1,68.5,24.7,0.663
DIST-262,Andhra Pradesh District 1,ST-10,Andhra Pradesh,22.7837,73.2647,960049,662.0,87.1,24.6,0.154
DIST-263,Andhra Pradesh District 2,ST-10,Andhra Pradesh,26.2638,68.9887,992071,1445.5,73.8,17.8,0.254
DIST-264,Andhra Pradesh District 3,ST-10,Andhra Pradesh,15.3345,92.5462,2031205,1495.2,73.8,21.5,0.655
DIST-265,Andhra Pradesh District 4,ST-10,Andhra Pradesh,29.2687,84.6052,722748,1104.3,62.1,26.6,0.399
DIST-266,Andhra Pradesh District 5,ST-10,Andhra Pradesh,27.0607,70.6037,609013,964.7,77.4,27.3,0.195
DIST-267,Andhra Pradesh District 6,ST-10,Andhra Pradesh,21.9196,83.7216,4117479,1079.4,87.8,16.1,0.728
DIST-268,Andhra Pradesh District 7,ST-10,Andhra Pradesh,19.9581,70.1576,2687664,276.1,72.7,31.5,0.645
DIST-269,Andhra Pradesh District 8,ST-10,Andhra Pradesh,26.9268,82.4835,829978,626.7,75.9,10.7,0.304
DIST-270,Andhra Pradesh District 9,ST-10,Andhra Pradesh,22.3574,88.5986,1333303,1497.9,91.9,27.3,0.445
DIST-271,Andhra Pradesh District 10,ST-10,Andhra Pradesh,23.2683,89.9982,1311599,1291.7,74.3,25.2,0.561
DIST-272,Andhra Pradesh District 11,ST-10,Andhra Pradesh,12.4274,78.1426,909163,634.9,62.8,8.7,0.732
DIST-273,Andhra Pradesh District 12,ST-10,Andhra Pradesh,14.5537,82.5062,1726460,537.1,75.7,34.2,0.739
DIST-274,Andhra Pradesh District 13,ST-10,Andhra Pradesh,12.4664,90.474,1364363,795.6,77.5,12.0,0.206
DIST-275,Andhra Pradesh District 14,ST-10,Andhra Pradesh,25.4705,81.9009,3370695,1195.2,67.1,26.3,0.245
DIST-276,Andhra Pradesh District 15,ST-10,Andhra Pradesh,26.033,86.3947,1168757,1443.6,64.2,9.7,0.348
DIST-277,Andhra Pradesh District 16,ST-10,Andhra Pradesh,14.2809,74.9154,1311602,553.5,86.3,21.5,0.694
DIST-278,Andhra Pradesh District 17,ST-10,Andhra Pradesh,9.5688,81.652,1765037,243.7,64.0,35.2,0.247
DIST-279,Andhra Pradesh District 18,ST-10,Andhra Pradesh,20.7781,79.5107,2123172,228.4,83.2,36.9,0.542
DIST-280,Andhra Pradesh District 19,ST-10,Andhra Pradesh,30.4837,69.4632,1276121,744.4,70.3,29.9,0.837
DIST-281,Andhra Pradesh District 20,ST-10,Andhra Pradesh,14.1567,86.3169,1701088,803.1,93.1,26.3,0.395
DIST-282,Andhra Pradesh District 21,ST-10,Andhra Pradesh,10.7383,72.2349,745424,492.9,70.0,33.5,0.543
DIST-283,Andhra Pradesh District 22,ST-10,Andhra Pradesh,20.5614,71.2135,1820111,288.0,84.7,24.3,0.207
DIST-284,Andhra Pradesh District 23,ST-10,Andhra Pradesh,18.9992,81.5715,2077244,415.5,92.3,33.5,0.618
DIST-285,Andhra Pradesh District 24,ST-10,Andhra Pradesh,19.0951,79.5294,2001839,281.0,78.4,32.2,0.471
DIST-286,Andhra Pradesh District 25,ST-10,Andhra Pradesh,9.247,90.0158,4109236,461.8,70.3,12.9,0.381
DIST-287,Odisha District 1,ST-11,Odisha,26.162,82.5428,1726384,1343.5,89.9,15.2,0.466
DIST-288,Odisha District 2,ST-11,Odisha,31.6398,89.6163,1294743,235.3,64.1,21.9,0.786
DIST-289,Odisha District 3,ST-11,Odisha,20.9288,81.9388,1705512,1268.7,74.2,31.3,0.825
DIST-290,Odisha District 4,ST-11,Odisha,12.8904,82.6532,1008630,573.3,87.4,25.3,0.594
DIST-291,Odisha District 5,ST-11,Odisha,27.1499,79.0872,1519554,405.3,84.3,31.8,0.372
DIST-292,Odisha District 6,ST-11,Odisha,28.5723,93.372,2249878,560.0,93.5,12.2,0.291
DIST-293,Odisha District 7,ST-11,Odisha,12.4214,93.0317,911128,772.4,81.7,10.5,0.768
DIST-294,Odisha District 8,ST-11,Odisha,27.2865,82.1458,1815369,1457.3,75.4,37.5,0.618
DIST-295,Odisha District 9,ST-11,Odisha,23.2321,72.6467,1337653,410.9,62.4,24.8,0.519
DIST-296,Odisha District 10,ST-11,Odisha,25.2645,92.9272,2404529,303.2,85.4,13.6,0.751
DIST-297,Odisha District 11,ST-11,Odisha,27.6575,83.1422,888001,812.5,88.3,21.8,0.4
DIST-298,Odisha District 12,ST-11,Odisha,19.8611,91.191,2597186,635.8,67.6,29.4,0.728
DIST-299,Odisha District 13,ST-11,Odisha,10.4153,74.7165,1207570,785.5,86.0,27.5,0.585
DIST-300,Odisha District 14,ST-11,Odisha,16.457,91.5605,926153,812.7,93.3,27.0,0.238
DIST-301,Odisha District 15,ST-11,Odisha,24.2283,77.1029,1164370,427.3,89.4,14.8,0.736
DIST-302,Odisha District 16,ST-11,Odisha,14.7026,86.0007,1624287,1102.4,78.4,17.2,0.299
DIST-303,Odisha District 17,ST-11,Odisha,8.7965,76.5105,1899220,1332.6,86.5,31.7,0.615
DIST-304,Odisha District 18,ST-11,Odisha,14.2469,93.4015,1606857,1072.0,79.9,11.3,0.463
DIST-305,Odisha District 19,ST-11,Odisha,19.0486,92.2078,495669,1469.8,65.5,20.7,0.179
DIST-306,Odisha District 20,ST-11,Odisha,25.7577,93.7061,2243866,564.0,89.5,16.8,0.788
DIST-307,Odisha District 21,ST-11,Odisha,26.0951,90.5374,920139,1278.2,71.0,34.2,0.229
DIST-308,Odisha District 22,ST-11,Odisha,24.8885,83.1396,2528131,325.5,69.7,8.4,0.478
DIST-309,Odisha District 23,ST-11,Odisha,15.2304,84.754,867316,1166.2,63.5,35.1,0.747
DIST-310,Odisha District 24,ST-11,Odisha,24.0273,84.6102,861214,1360.0,67.9,10.4,0.318
DIST-311,Odisha District 25,ST-11,Odisha,27.0699,68.9708,1521224,282.7,88.6,26.0,0.23
DIST-312,Telangana District 1,ST-12,Telangana,10.2526,93.4696,2625912,1070.0,88.5,34.4,0.55
DIST-313,Telangana District 2,ST-12,Telangana,20.4187,80.052,1059134,1206.0,81.3,34.8,0.46
DIST-314,Telangana District 3,ST-12,Telangana,22.5701,85.6766,588118,969.2,84.5,15.1,0.509
DIST-315,Telangana District 4,ST-12,Telangana,10.5014,78.7663,4349064,1435.7,81.2,30.3,0.504
DIST-316,Telangana District 5,ST-12,Telangana,23.2185,69.9861,1345205,530.7,73.6,22.2,0.182
DIST-317,Telangana District 6,ST-12,Telangana,11.3606,75.7508,727115,994.0,71.0,14.2,0.512
DIST-318,Telangana District 7,ST-12,Telangana,8.1321,68.2146,1409079,484.8,63.2,11.2,0.387
DIST-319,Telangana District 8,ST-12,Telangana,27.2621,84.0174,575165,1411.3,74.7,10.6,0.582
DIST-320,Telangana District 9,ST-12,Telangana,10.7321,77.6662,1555819,859.6,90.0,22.8,0.642
DIST-321,Telangana District 10,ST-12,Telangana,31.8276,71.6817,1030749,748.4,75.2,35.2,0.65
DIST-322,Telangana District 11,ST-12,Telangana,22.5897,76.6624,689100,1270.9,92.6,32.6,0.151
DIST-323,Telangana District 12,ST-12,Telangana,23.2736,69.4318,3289053,348.8,74.3,21.7,0.408
DIST-324,Telangana District 13,ST-12,Telangana,10.9046,79.7305,2299999,1176.5,64.3,10.4,0.398
DIST-325,Telangana District 14,ST-12,Telangana,30.6014,86.72,851538,971.8,62.3,27.1,0.789
DIST-326,Telangana District 15,ST-12,Telangana,22.7018,92.4636,2974142,1141.2,65.9,35.1,0.197
DIST-327,Telangana District 16,ST-12,Telangana,20.8152,71.9798,1444660,583.6,77.6,25.3,0.181
DIST-328,Telangana District 17,ST-12,Telangana,10.9521,83.642,1323700,646.1,85.3,27.6,0.742
DIST-329,Telangana District 18,ST-12,Telangana,24.6198,80.0381,808698,598.2,87.2,21.4,0.709
DIST-330,Telangana District 19,ST-12,Telangana,27.7381,92.0117,2325805,1391.6,75.8,17.6,0.558
DIST-331,Telangana District 20,ST-12,Telangana,16.9081,84.8301,2461479,686.9,67.3,20.9,0.25
DIST-332,Telangana District 21,ST-12,Telangana,29.3623,77.6846,2580135,400.8,62.8,27.4,0.596
DIST-333,Telangana District 22,ST-12,Telangana,16.1745,70.0079,633034,1080.3,81.4,18.9,0.303
DIST-334,Telangana District 23,ST-12,Telangana,31.7129,80.712,981723,1094.8,66.5,22.6,0.169
DIST-335,Telangana District 24,ST-12,Telangana,20.1309,94.9925,1180923,240.2,74.4,12.8,0.166
DIST-336,Telangana District 25,ST-12,Telangana,26.1491,80.8386,1390529,576.0,90.8,11.5,0.819
DIST-337,Kerala District 1,ST-13,Kerala,15.5352,92.8753,2640720,1479.2,71.2,36.8,0.423
DIST-338,Kerala District 2,ST-13,Kerala,17.2523,77.5308,1767048,903.8,66.9,24.6,0.529
DIST-339,Kerala District 3,ST-13,Kerala,26.2856,91.3422,596879,537.1,68.2,9.7,0.39
DIST-340,Kerala District 4,ST-13,Kerala,14.4859,95.0597,1119802,925.0,73.1,25.4,0.247
DIST-341,Kerala District 5,ST-13,Kerala,18.657,85.5346,414511,1492.0,90.2,26.7,0.549
DIST-342,Kerala District 6,ST-13,Kerala,22.8959,73.6367,1273141,713.7,63.3,22.3,0.53
DIST-343,Kerala District 7,ST-13,Kerala,13.466,94.9928,1667556,893.4,89.8,11.9,0.703
DIST-344,Kerala District 8,ST-13,Kerala,10.9957,90.2379,1855837,558.5,90.1,36.3,0.254
DIST-345,Kerala District 9,ST-13,Kerala,19.1042,95.4676,2579291,965.4,74.0,16.6,0.292
DIST-346,Kerala District 10,ST-13,Kerala,26.2832,78.8231,1431599,864.7,77.8,25.3,0.756
DIST-347,Kerala District 11,ST-13,Kerala,31.5377,79.4124,1906083,945.6,92.6,14.0,0.226
DIST-348,Kerala District 12,ST-13,Kerala,28.4951,80.2962,2028095,1301.1,90.6,9.9,0.768
DIST-349,Kerala District 13,ST-13,Kerala,18.7597,82.2921,2038959,224.9,77.3,28.6,0.656
DIST-350,Kerala District 14,ST-13,Kerala,24.6208,71.7642,1619079,589.2,73.5,32.1,0.345
DIST-351,Kerala District 15,ST-13,Kerala,13.0569,94.8085,2365647,583.0,62.5,30.1,0.734
DIST-352,Kerala District 16,ST-13,Kerala,25.7714,71.9998,1898439,1179.5,86.6,27.8,0.686
DIST-353,Kerala District 17,ST-13,Kerala,28.3021,85.1809,1449514,300.9,75.0,20.2,0.196
DIST-354,Kerala District 18,ST-13,Kerala,16.3717,71.1079,945115,1250.7,92.3,10.2,0.819
DIST-355,Kerala District 19,ST-13,Kerala,20.5418,76.3878,1469749,1232.9,84.6,9.5,0.201
DIST-356,Kerala District 20,ST-13,Kerala,17.669,76.2681,976232,502.1,71.0,32.1,0.8
DIST-357,Kerala District 21,ST-13,Kerala,17.7225,93.3711,1286894,493.8,82.5,37.4,0.572
DIST-358,Kerala District 22,ST-13,Kerala,16.5875,86.1389,539322,359.8,90.4,23.1,0.465
DIST-359,Kerala District 23,ST-13,Kerala,22.0608,85.4939,1631205,514.5,84.8,32.7,0.713
DIST-360,Kerala District 24,ST-13,Kerala,21.26,82.5648,1148746,385.7,86.8,16.1,0.498
DIST-361,Kerala District 25,ST-13,Kerala,14.8226,71.7472,1130257,1173.2,72.2,8.0,0.508
DIST-362,Jharkhand District 1,ST-14,Jharkhand,9.1244,75.7327,1585130,1119.1,64.0,33.2,0.153
DIST-363,Jharkhand District 2,ST-14,Jharkhand,13.9238,88.7453,1056996,668.3,70.7,33.3,0.369
DIST-364,Jharkhand District 3,ST-14,Jharkhand,26.9344,92.9724,1261909,764.0,91.1,19.3,0.825
DIST-365,Jharkhand District 4,ST-14,Jharkhand,10.1429,87.2365,433909,1022.5,84.5,8.1,0.267
DIST-366,Jharkhand District 5,ST-14,Jharkhand,25.1131,86.6588,1373483,1455.9,86.4,36.5,0.642
DIST-367,Jharkhand District 6,ST-14,Jharkhand,15.1533,70.9502,1998456,262.6,73.5,36.7,0.5
DIST-368,Jharkhand District 7,ST-14,Jharkhand,18.3855,80.8156,2681648,471.5,73.8,19.1,0.187
DIST-369,Jharkhand District 8,ST-14,Jharkhand,26.4216,79.6621,1729550,475.6,83.0,22.2,0.766
DIST-370,Jharkhand District 9,ST-14,Jharkhand,13.1778,86.9788,1706981,990.1,71.4,12.1,0.606
DIST-371,Jharkhand District 10,ST-14,Jharkhand,25.7263,76.8376,810408,1127.2,68.4,34.7,0.351
DIST-372,Jharkhand District 11,ST-14,Jharkhand,16.8269,69.6266,3339516,345.0,78.5,16.0,0.735
DIST-373,Jharkhand District 12,ST-14,Jharkhand,8.3526,78.6146,1310212,840.7,74.9,23.9,0.567
DIST-374,Jharkhand District 13,ST-14,Jharkhand,8.2382,80.9947,893431,1452.5,78.6,28.3,0.368
DIST-375,Jharkhand District 14,ST-14,Jharkhand,26.5758,89.6418,1828923,363.2,62.5,31.1,0.715
DIST-376,Jharkhand District 15,ST-14,Jharkhand,10.885,75.4363,1483342,222.8,71.4,31.2,0.513
DIST-377,Jharkhand District 16,ST-14,Jharkhand,16.3543,78.4087,1594993,1301.2,62.8,35.0,0.698
DIST-378,Jharkhand District 17,ST-14,Jharkhand,26.729,80.8239,1506717,717.4,71.7,10.0,0.31
DIST-379,Jharkhand District 18,ST-14,Jharkhand,13.9185,81.5542,1345226,275.2,92.6,36.3,0.7
DIST-380,Jharkhand District 19,ST-14,Jharkhand,31.7919,83.2455,3371050,1451.6,64.4,19.0,0.308
DIST-381,Jharkhand District 20,ST-14,Jharkhand,12.7,71.9425,2787963,951.8,66.7,32.3,0.595
DIST-382,Jharkhand District 21,ST-14,Jharkhand,17.316,86.8756,1941255,537.9,73.0,35.5,0.353
DIST-383,Jharkhand District 22,ST-14,Jharkhand,19.2797,92.924,1251778,391.5,62.3,26.9,0.463
DIST-384,Jharkhand District 23,ST-14,Jharkhand,11.2226,94.8222,1584657,888.6,69.7,23.0,0.626
DIST-385,Jharkhand District 24,ST-14,Jharkhand,9.8297,75.6917,1342177,910.6,75.9,9.3,0.266
DIST-386,Jharkhand District 25,ST-14,Jharkhand,18.693,73.8572,2918044,265.0,89.0,37.4,0.705
DIST-387,Assam District 1,ST-15,Assam,28.4908,74.7754,660622,768.1,81.0,10.2,0.586
DIST-388,Assam District 2,ST-15,Assam,31.5483,73.323,1850721,1230.4,91.1,36.3,0.822
DIST-389,Assam District 3,ST-15,Assam,20.515,95.3646,1065821,820.0,85.0,15.4,0.598
DIST-390,Assam District 4,ST-15,Assam,23.9984,72.5556,1874656,934.6,86.7,23.0,0.158
DIST-391,Assam District 5,ST-15,Assam,8.2169,77.9968,786066,618.2,89.1,29.9,0.217
DIST-392,Assam District 6,ST-15,Assam,18.2888,68.8168,1987240,825.2,83.2,11.6,0.352
DIST-393,Assam District 7,ST-15,Assam,17.5481,93.7469,1061627,710.2,86.1,35.6,0.816
DIST-394,Assam District 8,ST-15,Assam,21.8509,77.9994,2843800,1223.8,70.0,24.9,0.401
DIST-395,Assam District 9,ST-15,Assam,23.7591,74.7312,1479384,487.1,63.2,9.1,0.273
DIST-396,Assam District 10,ST-15,Assam,28.8025,75.9094,911667,1435.6,80.6,21.1,0.556
DIST-397,Assam District 11,ST-15,Assam,20.4008,89.2457,937158,1362.3,92.3,34.8,0.444
DIST-398,Assam District 12,ST-15,Assam,26.7288,81.3374,755279,846.8,68.5,25.7,0.28
DIST-399,Assam District 13,ST-15,Assam,15.9576,91.9408,399469,1254.1,88.7,18.0,0.636
DIST-400,Assam District 14,ST-15,Assam,26.5069,86.3302,1622492,397.1,90.0,24.2,0.348
DIST-401,Assam District 15,ST-15,Assam,18.2055,69.052,1747747,200.0,75.3,23.7,0.188
DIST-402,Assam District 16,ST-15,Assam,31.3539,74.3315,1151280,595.5,71.7,14.9,0.151
DIST-403,Assam District 17,ST-15,Assam,25.5043,95.0717,2063030,1164.5,89.1,20.7,0.362
DIST-404,Assam District 18,ST-15,Assam,15.8071,87.9534,827035,1261.8,67.8,19.1,0.781
DIST-405,Assam District 19,ST-15,Assam,27.3606,95.576,1089516,967.8,83.2,10.4,0.531
DIST-406,Assam District 20,ST-15,Assam,25.0237,72.685,2991199,1214.8,80.7,36.6,0.18
DIST-407,Assam District 21,ST-15,Assam,14.3678,84.8435,2485473,1186.7,65.3,23.4,0.506
DIST-408,Assam District 22,ST-15,Assam,16.8627,94.1219,891775,1275.8,84.3,29.4,0.473
DIST-409,Assam District 23,ST-15,Assam,30.1039,87.4487,2049204,556.3,87.8,13.9,0.392
DIST-410,Assam District 24,ST-15,Assam,16.0547,95.3987,1813543,1313.5,84.4,29.8,0.543
DIST-411,Assam District 25,ST-15,Assam,30.7302,81.8952,850984,1222.1,85.5,19.5,0.168
DIST-412,Punjab District 1,ST-16,Punjab,28.1359,68.3197,1210386,1114.8,93.0,21.1,0.314
DIST-413,Punjab District 2,ST-16,Punjab,24.9169,90.8796,1886686,267.2,78.2,29.6,0.754
DIST-414,Punjab District 3,ST-16,Punjab,12.3021,90.4001,1505878,918.5,74.7,12.0,0.756
DIST-415,Punjab District 4,ST-16,Punjab,11.7746,76.6741,2077632,1074.5,87.5,15.5,0.587
DIST-416,Punjab District 5,ST-16,Punjab,21.7219,91.3193,1207416,1377.9,62.4,28.2,0.186
DIST-417,Punjab District 6,ST-16,Punjab,21.1726,76.0537,877923,1007.7,72.7,30.0,0.433
DIST-418,Punjab District 7,ST-16,Punjab,9.6405,89.9453,746883,571.5,75.8,28.6,0.383
DIST-419,Punjab District 8,ST-16,Punjab,9.3581,78.4698,1591216,1072.9,82.2,14.0,0.443
DIST-420,Punjab District 9,ST-16,Punjab,26.0226,70.8384,1887740,561.2,70.8,21.0,0.836
DIST-421,Punjab District 10,ST-16,Punjab,9.6201,82.5236,1309033,1159.3,84.5,20.7,0.393
DIST-422,Punjab District 11,ST-16,Punjab,17.5427,75.3997,925309,466.9,77.5,16.1,0.351
DIST-423,Punjab District 12,ST-16,Punjab,23.7621,95.119,1023901,298.3,92.4,16.9,0.214
DIST-424,Punjab District 13,ST-16,Punjab,22.3771,85.4622,1604640,1043.1,70.6,8.5,0.826
DIST-425,Punjab District 14,ST-16,Punjab,14.0214,86.9287,2211958,606.8,70.7,25.9,0.756
DIST-426,Punjab District 15,ST-16,Punjab,30.7216,70.9654,3169124,401.3,92.2,30.1,0.768
DIST-427,Punjab District 16,ST-16,Punjab,12.8632,84.4524,2479726,730.6,62.5,25.5,0.327
DIST-428,Punjab District 17,ST-16,Punjab,18.8061,94.8123,2636057,718.7,88.9,13.7,0.621
DIST-429,Punjab District 18,ST-16,Punjab,31.4482,70.853,1451668,320.4,85.9,35.4,0.454
DIST-430,Punjab District 19,ST-16,Punjab,14.2091,80.1633,1346235,1140.5,62.3,25.7,0.579
DIST-431,Punjab District 20,ST-16,Punjab,23.3045,74.7766,1142252,459.1,90.1,30.2,0.16
DIST-432,Punjab District 21,ST-16,Punjab,13.961,74.0034,1675703,552.0,69.9,9.9,0.471
DIST-433,Punjab District 22,ST-16,Punjab,25.5856,84.9885,1099068,1436.9,88.8,32.2,0.726
DIST-434,Punjab District 23,ST-16,Punjab,30.3851,83.2391,1655646,460.4,81.7,30.3,0.667
DIST-435,Punjab District 24,ST-16,Punjab,20.5148,69.9168,2067115,959.8,79.2,16.1,0.408
DIST-436,Punjab District 25,ST-16,Punjab,29.4883,86.661,1322908,1223.6,76.5,26.9,0.324
DIST-437,Haryana District 1,ST-17,Haryana,24.9311,79.9728,3977872,1417.2,64.0,32.7,0.355
DIST-438,Haryana District 2,ST-17,Haryana,18.6541,68.6136,1001161,591.4,78.1,9.7,0.494
DIST-439,Haryana District 3,ST-17,Haryana,30.2507,70.951,1147892,1051.7,70.3,12.8,0.262
DIST-440,Haryana District 4,ST-17,Haryana,9.6918,73.1981,3023168,1063.5,90.2,32.4,0.63
DIST-441,Haryana District 5,ST-17,Haryana,10.6504,76.0972,853776,869.5,79.1,18.7,0.398
DIST-442,Haryana District 6,ST-17,Haryana,27.8853,90.1002,972178,600.1,91.2,36.6,0.379
DIST-443,Haryana District 7,ST-17,Haryana,16.5062,82.1578,1309426,919.4,78.1,13.8,0.751
DIST-444,Haryana District 8,ST-17,Haryana,24.2466,91.4614,959623,1316.4,85.9,21.2,0.577
DIST-445,Haryana District 9,ST-17,Haryana,11.8488,86.8621,1939142,498.5,65.8,13.0,0.151
DIST-446,Haryana District 10,ST-17,Haryana,25.2498,88.5072,927879,869.4,67.2,10.5,0.163
DIST-447,Haryana District 11,ST-17,Haryana,11.978,92.944,1030144,336.9,69.1,23.6,0.575
DIST-448,Haryana District 12,ST-17,Haryana,13.8885,69.6165,782890,708.3,69.5,14.6,0.822
DIST-449,Haryana District 13,ST-17,Haryana,22.7912,83.5926,664645,903.2,84.3,29.1,0.27
DIST-450,Haryana District 14,ST-17,Haryana,20.0027,79.5348,573800,1331.7,82.2,24.0,0.231
DIST-451,Haryana District 15,ST-17,Haryana,22.5353,71.2817,938770,1099.7,68.6,19.8,0.777
DIST-452,Haryana District 16,ST-17,Haryana,12.9036,82.2185,1197743,745.1,62.6,31.8,0.198
DIST-453,Haryana District 17,ST-17,Haryana,19.3821,83.699,3054384,529.3,62.3,29.7,0.525
DIST-454,Haryana District 18,ST-17,Haryana,28.0668,90.9989,2417946,1296.3,77.5,18.0,0.704
DIST-455,Haryana District 19,ST-17,Haryana,18.8311,73.1364,984590,704.2,87.7,35.1,0.292
DIST-456,Haryana District 20,ST-17,Haryana,9.6074,92.5658,1422942,706.2,79.3,37.0,0.197
DIST-457,Haryana District 21,ST-17,Haryana,23.5596,70.075,2676550,763.5,93.9,24.8,0.375
DIST-458,Haryana District 22,ST-17,Haryana,13.2827,77.8146,1148593,684.3,64.2,19.1,0.475
DIST-459,Haryana District 23,ST-17,Haryana,25.3457,86.3884,2034500,829.2,62.2,32.1,0.691
DIST-460,Haryana District 24,ST-17,Haryana,21.1621,69.861,831641,1196.5,80.7,31.5,0.676
DIST-461,Haryana District 25,ST-17,Haryana,27.272,82.5042,1802853,1006.6,85.8,13.1,0.286
DIST-462,Chhattisgarh District 1,ST-18,Chhattisgarh,29.3698,88.9994,954989,1380.7,86.3,25.9,0.608
DIST-463,Chhattisgarh District 2,ST-18,Chhattisgarh,29.3391,84.2066,876540,816.1,84.9,16.1,0.292
DIST-464,Chhattisgarh District 3,ST-18,Chhattisgarh,15.5318,74.762,1792216,479.4,75.6,35.2,0.505
DIST-465,Chhattisgarh District 4,ST-18,Chhattisgarh,12.5101,70.1552,932964,1268.4,83.1,31.9,0.34
DIST-466,Chhattisgarh District 5,ST-18,Chhattisgarh,24.6166,75.3937,3139713,1420.8,82.4,17.7,0.339
DIST-467,Chhattisgarh District 6,ST-18,Chhattisgarh,12.5822,87.4499,1851678,544.0,83.2,32.4,0.695
DIST-468,Chhattisgarh District 7,ST-18,Chhattisgarh,26.2604,73.2562,741500,314.9,84.4,19.1,0.453
DIST-469,Chhattisgarh District 8,ST-18,Chhattisgarh,8.7476,75.2681,1749472,250.7,83.3,17.7,0.779
DIST-470,Chhattisgarh District 9,ST-18,Chhattisgarh,29.3148,77.1081,671721,1371.2,93.9,32.8,0.741
DIST-471,Chhattisgarh District 10,ST-18,Chhattisgarh,13.9762,84.1477,2144451,1315.4,93.9,15.2,0.178
DIST-472,Chhattisgarh District 11,ST-18,Chhattisgarh,17.8686,71.6423,1995159,229.2,73.5,31.5,0.546
DIST-473,Chhattisgarh District 12,ST-18,Chhattisgarh,15.5067,86.3216,2004760,1191.0,63.2,33.1,0.584
DIST-474,Chhattisgarh District 13,ST-18,Chhattisgarh,21.5215,85.4892,2854669,1323.8,80.8,25.4,0.843
DIST-475,Chhattisgarh District 14,ST-18,Chhattisgarh,26.1615,80.3842,975578,497.5,81.1,35.8,0.8
DIST-476,Chhattisgarh District 15,ST-18,Chhattisgarh,16.2057,82.775,3160320,475.1,93.9,37.4,0.605
DIST-477,Chhattisgarh District 16,ST-18,Chhattisgarh,27.3059,88.0228,1092328,791.2,83.6,28.3,0.411
DIST-478,Chhattisgarh District 17,ST-18,Chhattisgarh,30.6006,72.686,1562462,850.5,84.1,28.9,0.604
DIST-479,Chhattisgarh District 18,ST-18,Chhattisgarh,14.6069,72.3738,2718082,433.2,84.6,21.7,0.617
DIST-480,Chhattisgarh District 19,ST-18,Chhattisgarh,28.0968,72.7524,3410969,224.9,86.9,26.3,0.64
DIST-481,Chhattisgarh District 20,ST-18,Chhattisgarh,28.1157,90.4787,1501172,835.0,74.9,12.6,0.551
DIST-482,Chhattisgarh District 21,ST-18,Chhattisgarh,14.6483,93.7966,1941690,958.1,81.0,18.6,0.186
DIST-483,Chhattisgarh District 22,ST-18,Chhattisgarh,8.7619,79.8534,1619312,1345.3,90.3,27.8,0.298
DIST-484,Chhattisgarh District 23,ST-18,Chhattisgarh,28.7119,92.8106,1005362,455.6,85.6,16.6,0.712
DIST-485,Chhattisgarh District 24,ST-18,Chhattisgarh,31.9337,68.8407,1667077,1465.4,76.9,33.4,0.194
DIST-486,Chhattisgarh District 25,ST-18,Chhattisgarh,16.0467,69.8765,2213691,1467.9,88.1,33.6,0.807
