constituency_id,constituency_name,district_id,state_id,mp_name,mp_house
PC-0001,UTT-District-01-Seat-01,DIST-0001,ST-01,Hon. MP Isaac Bakshi,Lok Sabha
PC-0002,UTT-District-02-Seat-02,DIST-0002,ST-01,Hon. MP Anvi Konda,Lok Sabha
PC-0003,UTT-District-03-Seat-03,DIST-0003,ST-01,Hon. MP Udant Dewan,Lok Sabha
PC-0004,UTT-District-04-Seat-04,DIST-0004,ST-01,Hon. MP Harsh Chahal,Lok Sabha
PC-0005,UTT-District-05-Seat-05,DIST-0005,ST-01,Hon. MP Pahal Balay,Lok Sabha
PC-0006,UTT-District-05-Seat-06,DIST-0005,ST-01,Hon. MP Ayushman Chander,Lok Sabha
PC-0007,UTT-District-06-Seat-07,DIST-0006,ST-01,Hon. MP Tejas Kaul,Lok Sabha
PC-0008,UTT-District-07-Seat-08,DIST-0007,ST-01,Hon. MP Yashasvi Bala,Lok Sabha
PC-0009,UTT-District-07-Seat-09,DIST-0007,ST-01,Hon. MP Rushil Saini,Lok Sabha
PC-0010,UTT-District-08-Seat-10,DIST-0008,ST-01,Hon. MP Thomas Sen,Rajya Sabha
PC-0011,UTT-District-09-Seat-11,DIST-0009,ST-01,Hon. MP Arunima Ahuja,Lok Sabha
PC-0012,UTT-District-09-Seat-12,DIST-0009,ST-01,Hon. MP Nathaniel Sami,Lok Sabha
PC-0013,UTT-District-10-Seat-13,DIST-0010,ST-01,Hon. MP Harini Mall,Rajya Sabha
PC-0014,UTT-District-10-Seat-14,DIST-0010,ST-01,Hon. MP Nachiket Kale,Lok Sabha
PC-0015,UTT-District-11-Seat-15,DIST-0011,ST-01,Hon. MP Gayathri Chaudry,Lok Sabha
PC-0016,UTT-District-11-Seat-16,DIST-0011,ST-01,Hon. MP George Rai,Lok Sabha
PC-0017,UTT-District-12-Seat-17,DIST-0012,ST-01,Hon. MP Gunbir Parmer,Lok Sabha
PC-0018,UTT-District-13-Seat-18,DIST-0013,ST-01,Hon. MP Hemangini Lalla,Rajya Sabha
PC-0019,UTT-District-14-Seat-19,DIST-0014,ST-01,Hon. MP Caleb Sharaf,Lok Sabha
PC-0020,UTT-District-14-Seat-20,DIST-0014,ST-01,Hon. MP Jeet Radhakrishnan,Rajya Sabha
PC-0021,UTT-District-15-Seat-21,DIST-0015,ST-01,Hon. MP Farhan Memon,Lok Sabha
PC-0022,UTT-District-15-Seat-22,DIST-0015,ST-01,Hon. MP Janaki Handa,Lok Sabha
PC-0023,UTT-District-16-Seat-23,DIST-0016,ST-01,Hon. MP Ekaraj Bath,Lok Sabha
PC-0024,UTT-District-17-Seat-24,DIST-0017,ST-01,Hon. MP Vedant Mann,Lok Sabha
PC-0025,UTT-District-18-Seat-25,DIST-0018,ST-01,Hon. MP Fariq Kaul,Lok Sabha
PC-0026,UTT-District-18-Seat-26,DIST-0018,ST-01,Hon. MP Harrison Rai,Lok Sabha
PC-0027,UTT-District-19-Seat-27,DIST-0019,ST-01,Hon. MP Arunima Setty,Lok Sabha
PC-0028,UTT-District-20-Seat-28,DIST-0020,ST-01,Hon. MP Janya Gaba,Lok Sabha
PC-0029,UTT-District-21-Seat-29,DIST-0021,ST-01,Hon. MP Kamala Pant,Lok Sabha
PC-0030,UTT-District-21-Seat-30,DIST-0021,ST-01,Hon. MP Shaurya Loke,Lok Sabha
PC-0031,UTT-District-22-Seat-31,DIST-0022,ST-01,Hon. MP Ekbal Garg,Rajya Sabha
PC-0032,UTT-District-23-Seat-32,DIST-0023,ST-01,Hon. MP Yash Gade,Lok Sabha
PC-0033,UTT-District-23-Seat-33,DIST-0023,ST-01,Hon. MP Turvi Raghavan,Lok Sabha
PC-0034,UTT-District-24-Seat-34,DIST-0024,ST-01,Hon. MP Anamika Kanda,Lok Sabha
PC-0035,UTT-District-24-Seat-35,DIST-0024,ST-01,Hon. MP Ekta Bhalla,Lok Sabha
PC-0036,UTT-District-25-Seat-36,DIST-0025,ST-01,Hon. MP Veer Balay,Lok Sabha
PC-0037,UTT-District-26-Seat-37,DIST-0026,ST-01,Hon. MP Diya Rattan,Lok Sabha
PC-0038,UTT-District-26-Seat-38,DIST-0026,ST-01,Hon. MP Amrita Bhatti,Lok Sabha
PC-0039,UTT-District-27-Seat-39,DIST-0027,ST-01,Hon. MP Siddharth Murty,Lok Sabha
PC-0040,UTT-District-27-Seat-40,DIST-0027,ST-01,Hon. MP Simon Tata,Lok Sabha
PC-0041,UTT-District-28-Seat-41,DIST-0028,ST-01,Hon. MP Meghana Shanker,Lok Sabha
PC-0042,UTT-District-28-Seat-42,DIST-0028,ST-01,Hon. MP Luke Lanka,Lok Sabha
PC-0043,UTT-District-29-Seat-43,DIST-0029,ST-01,Hon. MP Liam Koshy,Lok Sabha
PC-0044,UTT-District-30-Seat-44,DIST-0030,ST-01,Hon. MP Adya Sangha,Lok Sabha
PC-0045,UTT-District-30-Seat-45,DIST-0030,ST-01,Hon. MP Mohini Pathak,Lok Sabha
PC-0046,UTT-District-31-Seat-46,DIST-0031,ST-01,Hon. MP Theodore Devi,Rajya Sabha
PC-0047,UTT-District-32-Seat-47,DIST-0032,ST-01,Hon. MP Yashodhara Tak,Lok Sabha
PC-0048,UTT-District-32-Seat-48,DIST-0032,ST-01,Hon. MP Gavin Batta,Lok Sabha
PC-0049,UTT-District-33-Seat-49,DIST-0033,ST-01,Hon. MP Imaran Dua,Rajya Sabha
PC-0050,UTT-District-33-Seat-50,DIST-0033,ST-01,Hon. MP Nathaniel Sami,Lok Sabha
PC-0051,UTT-District-34-Seat-51,DIST-0034,ST-01,Hon. MP Devansh Rajan,Rajya Sabha
PC-0052,UTT-District-35-Seat-52,DIST-0035,ST-01,Hon. MP Lakshmi Sidhu,Lok Sabha
PC-0053,UTT-District-35-Seat-53,DIST-0035,ST-01,Hon. MP Zayan Apte,Rajya Sabha
PC-0054,UTT-District-36-Seat-54,DIST-0036,ST-01,Hon. MP Ishwar Yadav,Lok Sabha
PC-0055,UTT-District-36-Seat-55,DIST-0036,ST-01,Hon. MP Amara Oak,Lok Sabha
PC-0056,UTT-District-37-Seat-56,DIST-0037,ST-01,Hon. MP Isaac Memon,Rajya Sabha
PC-0057,UTT-District-38-Seat-57,DIST-0038,ST-01,Hon. MP Radhika Dugar,Lok Sabha
PC-0058,UTT-District-38-Seat-58,DIST-0038,ST-01,Hon. MP Sudiksha Aggarwal,Lok Sabha
PC-0059,UTT-District-39-Seat-59,DIST-0039,ST-01,Hon. MP Adya Tella,Lok Sabha
PC-0060,UTT-District-39-Seat-60,DIST-0039,ST-01,Hon. MP Pranav Tripathi,Rajya Sabha
PC-0061,UTT-District-40-Seat-61,DIST-0040,ST-01,Hon. MP Hitesh Misra,Lok Sabha
PC-0062,UTT-District-40-Seat-62,DIST-0040,ST-01,Hon. MP Yashica Issac,Lok Sabha
PC-0063,UTT-District-41-Seat-63,DIST-0041,ST-01,Hon. MP Michael Prakash,Lok Sabha
PC-0064,UTT-District-41-Seat-64,DIST-0041,ST-01,Hon. MP Neel Zacharia,Lok Sabha
PC-0065,UTT-District-42-Seat-65,DIST-0042,ST-01,Hon. MP Aadi Naik,Lok Sabha
PC-0066,UTT-District-42-Seat-66,DIST-0042,ST-01,Hon. MP Vrinda Bahl,Rajya Sabha
PC-0067,UTT-District-43-Seat-67,DIST-0043,ST-01,Hon. MP Isaac Patil,Rajya Sabha
PC-0068,UTT-District-43-Seat-68,DIST-0043,ST-01,Hon. MP Damyanti Khatri,Lok Sabha
PC-0069,UTT-District-44-Seat-69,DIST-0044,ST-01,Hon. MP Dalbir Khosla,Lok Sabha
PC-0070,UTT-District-44-Seat-70,DIST-0044,ST-01,Hon. MP Farhan Chada,Lok Sabha
PC-0071,UTT-District-45-Seat-71,DIST-0045,ST-01,Hon. MP Vedika Biswas,Rajya Sabha
PC-0072,UTT-District-46-Seat-72,DIST-0046,ST-01,Hon. MP Jeremiah Dave,Rajya Sabha
PC-0073,UTT-District-47-Seat-73,DIST-0047,ST-01,Hon. MP Vaishnavi Gandhi,Lok Sabha
PC-0074,UTT-District-47-Seat-74,DIST-0047,ST-01,Hon. MP Alka Wable,Lok Sabha
PC-0075,UTT-District-48-Seat-75,DIST-0048,ST-01,Hon. MP Pallavi Kakar,Lok Sabha
PC-0076,UTT-District-49-Seat-76,DIST-0049,ST-01,Hon. MP Sai Muni,Rajya Sabha
PC-0077,UTT-District-50-Seat-77,DIST-0050,ST-01,Hon. MP Mohini Prakash,Lok Sabha
PC-0078,UTT-District-51-Seat-78,DIST-0051,ST-01,Hon. MP Raksha Varughese,Lok Sabha
PC-0079,UTT-District-52-Seat-79,DIST-0052,ST-01,Hon. MP Siya Dara,Rajya Sabha
PC-0080,UTT-District-52-Seat-80,DIST-0052,ST-01,Hon. MP Yug Kar,Lok Sabha
PC-0081,UTT-District-53-Seat-81,DIST-0053,ST-01,Hon. MP Devansh Nigam,Lok Sabha
PC-0082,UTT-District-54-Seat-82,DIST-0054,ST-01,Hon. MP Ansh Karpe,Lok Sabha
PC-0083,UTT-District-54-Seat-83,DIST-0054,ST-01,Hon. MP Thomas Amble,Lok Sabha
PC-0084,UTT-District-55-Seat-84,DIST-0055,ST-01,Hon. MP Ekavir Bhargava,Lok Sabha
PC-0085,UTT-District-56-Seat-85,DIST-0056,ST-01,Hon. MP Veer Bir,Lok Sabha
PC-0086,UTT-District-56-Seat-86,DIST-0056,ST-01,Hon. MP Azad Narayanan,Lok Sabha
PC-0087,UTT-District-57-Seat-87,DIST-0057,ST-01,Hon. MP Ekavir Varkey,Lok Sabha
PC-0088,UTT-District-58-Seat-88,DIST-0058,ST-01,Hon. MP Wazir Mallick,Lok Sabha
PC-0089,UTT-District-58-Seat-89,DIST-0058,ST-01,Hon. MP Vedika Kala,Rajya Sabha
PC-0090,UTT-District-59-Seat-90,DIST-0059,ST-01,Hon. MP Kevin Solanki,Lok Sabha
PC-0091,UTT-District-60-Seat-91,DIST-0060,ST-01,Hon. MP Xavier Solanki,Lok Sabha
PC-0092,UTT-District-61-Seat-92,DIST-0061,ST-01,Hon. MP Niharika Gupta,Lok Sabha
PC-0093,UTT-District-61-Seat-93,DIST-0061,ST-01,Hon. MP Girindra Chatterjee,Lok Sabha
PC-0094,UTT-District-62-Seat-94,DIST-0062,ST-01,Hon. MP Raagini Pandya,Lok Sabha
PC-0095,UTT-District-62-Seat-95,DIST-0062,ST-01,Hon. MP Pallavi Roy,Lok Sabha
PC-0096,UTT-District-63-Seat-96,DIST-0063,ST-01,Hon. MP Unni Bhagat,Lok Sabha
PC-0097,UTT-District-63-Seat-97,DIST-0063,ST-01,Hon. MP Guneet Bhat,Rajya Sabha
PC-0098,UTT-District-64-Seat-98,DIST-0064,ST-01,Hon. MP Neha Nori,Lok Sabha
PC-0099,UTT-District-64-Seat-99,DIST-0064,ST-01,Hon. MP Ikbal Kothari,Lok Sabha
PC-0100,UTT-District-65-Seat-100,DIST-0065,ST-01,Hon. MP Rehaan Gupta,Rajya Sabha
PC-0101,UTT-District-65-Seat-101,DIST-0065,ST-01,Hon. MP Saumya Dey,Lok Sabha
PC-0102,UTT-District-66-Seat-102,DIST-0066,ST-01,Hon. MP Pahal Goswami,Lok Sabha
PC-0103,UTT-District-66-Seat-103,DIST-0066,ST-01,Hon. MP Arya Shere,Lok Sabha
PC-0104,UTT-District-67-Seat-104,DIST-0067,ST-01,Hon. MP Zaid Borra,Lok Sabha
PC-0105,UTT-District-67-Seat-105,DIST-0067,ST-01,Hon. MP Saanvi Chaudhari,Lok Sabha
PC-0106,UTT-District-68-Seat-106,DIST-0068,ST-01,Hon. MP Chandresh Zachariah,Lok Sabha
PC-0107,UTT-District-68-Seat-107,DIST-0068,ST-01,Hon. MP Alexander Chander,Rajya Sabha
PC-0108,UTT-District-69-Seat-108,DIST-0069,ST-01,Hon. MP Warjas Ganesan,Lok Sabha
PC-0109,UTT-District-69-Seat-109,DIST-0069,ST-01,Hon. MP Niharika Sunder,Lok Sabha
PC-0110,UTT-District-70-Seat-110,DIST-0070,ST-01,Hon. MP Vasana Kala,Lok Sabha
PC-0111,UTT-District-71-Seat-111,DIST-0071,ST-01,Hon. MP Nandini Bhargava,Rajya Sabha
PC-0112,UTT-District-72-Seat-112,DIST-0072,ST-01,Hon. MP Nitesh Raghavan,Rajya Sabha
PC-0113,UTT-District-72-Seat-113,DIST-0072,ST-01,Hon. MP Aarnav Ramakrishnan,Rajya Sabha
PC-0114,UTT-District-73-Seat-114,DIST-0073,ST-01,Hon. MP Alka Sha,Lok Sabha
PC-0115,UTT-District-73-Seat-115,DIST-0073,ST-01,Hon. MP Bhavika Sampath,Lok Sabha
PC-0116,UTT-District-74-Seat-116,DIST-0074,ST-01,Hon. MP Vidhi Dubey,Lok Sabha
PC-0117,UTT-District-75-Seat-117,DIST-0075,ST-01,Hon. MP Ranveer Minhas,Lok Sabha
PC-0118,MAH-District-01-Seat-118,DIST-0076,ST-02,Hon. MP Teerth Bhardwaj,Lok Sabha
PC-0119,MAH-District-02-Seat-119,DIST-0077,ST-02,Hon. MP Darsh Murthy,Lok Sabha
PC-0120,MAH-District-03-Seat-120,DIST-0078,ST-02,Hon. MP Dakshesh Bedi,Lok Sabha
PC-0121,MAH-District-03-Seat-121,DIST-0078,ST-02,Hon. MP Vansha Thakkar,Rajya Sabha
PC-0122,MAH-District-04-Seat-122,DIST-0079,ST-02,Hon. MP Nakul Bhandari,Rajya Sabha
PC-0123,MAH-District-05-Seat-123,DIST-0080,ST-02,Hon. MP Yashoda Buch,Lok Sabha
PC-0124,MAH-District-06-Seat-124,DIST-0081,ST-02,Hon. MP Quincy Biswas,Rajya Sabha
PC-0125,MAH-District-07-Seat-125,DIST-0082,ST-02,Hon. MP Ekansh Keer,Rajya Sabha
PC-0126,MAH-District-08-Seat-126,DIST-0083,ST-02,Hon. MP Netra Dar,Lok Sabha
PC-0127,MAH-District-08-Seat-127,DIST-0083,ST-02,Hon. MP Yatin Baral,Rajya Sabha
PC-0128,MAH-District-09-Seat-128,DIST-0084,ST-02,Hon. MP Finn Saini,Lok Sabha
PC-0129,MAH-District-09-Seat-129,DIST-0084,ST-02,Hon. MP Diya Lal,Rajya Sabha
PC-0130,MAH-District-10-Seat-130,DIST-0085,ST-02,Hon. MP Samarth Murthy,Lok Sabha
PC-0131,MAH-District-10-Seat-131,DIST-0085,ST-02,Hon. MP William Lanka,Lok Sabha
PC-0132,MAH-District-11-Seat-132,DIST-0086,ST-02,Hon. MP Meghana Deep,Lok Sabha
PC-0133,MAH-District-12-Seat-133,DIST-0087,ST-02,Hon. MP Charita Shankar,Lok Sabha
PC-0134,MAH-District-12-Seat-134,DIST-0087,ST-02,Hon. MP Diya Bora,Lok Sabha
PC-0135,MAH-District-13-Seat-135,DIST-0088,ST-02,Hon. MP Aditya Shanker,Lok Sabha
PC-0136,MAH-District-14-Seat-136,DIST-0089,ST-02,Hon. MP Harish Borah,Lok Sabha
PC-0137,MAH-District-14-Seat-137,DIST-0089,ST-02,Hon. MP Tanay Toor,Lok Sabha
PC-0138,MAH-District-15-Seat-138,DIST-0090,ST-02,Hon. MP Alka Deo,Lok Sabha
PC-0139,MAH-District-15-Seat-139,DIST-0090,ST-02,Hon. MP Ikshita Biswas,Rajya Sabha
PC-0140,MAH-District-16-Seat-140,DIST-0091,ST-02,Hon. MP Yash Pingle,Lok Sabha
PC-0141,MAH-District-16-Seat-141,DIST-0091,ST-02,Hon. MP Bhavani Dugar,Lok Sabha
PC-0142,MAH-District-17-Seat-142,DIST-0092,ST-02,Hon. MP Raksha Mittal,Lok Sabha
PC-0143,MAH-District-17-Seat-143,DIST-0092,ST-02,Hon. MP Abhiram Mistry,Rajya Sabha
PC-0144,MAH-District-18-Seat-144,DIST-0093,ST-02,Hon. MP Hemang Desai,Lok Sabha
PC-0145,MAH-District-18-Seat-145,DIST-0093,ST-02,Hon. MP Aishani D’Alia,Lok Sabha
PC-0146,MAH-District-19-Seat-146,DIST-0094,ST-02,Hon. MP Hredhaan Dugal,Rajya Sabha
PC-0147,MAH-District-19-Seat-147,DIST-0094,ST-02,Hon. MP Anita Manda,Lok Sabha
PC-0148,MAH-District-20-Seat-148,DIST-0095,ST-02,Hon. MP Shivansh Oza,Rajya Sabha
PC-0149,MAH-District-20-Seat-149,DIST-0095,ST-02,Hon. MP Samar Lalla,Lok Sabha
PC-0150,MAH-District-21-Seat-150,DIST-0096,ST-02,Hon. MP Yashasvi Suresh,Rajya Sabha
PC-0151,MAH-District-22-Seat-151,DIST-0097,ST-02,Hon. MP Zayan Behl,Lok Sabha
PC-0152,MAH-District-22-Seat-152,DIST-0097,ST-02,Hon. MP George Sampath,Lok Sabha
PC-0153,MAH-District-23-Seat-153,DIST-0098,ST-02,Hon. MP Aradhana Basu,Lok Sabha
PC-0154,MAH-District-24-Seat-154,DIST-0099,ST-02,Hon. MP Aarush Nath,Lok Sabha
PC-0155,MAH-District-24-Seat-155,DIST-0099,ST-02,Hon. MP Kalpit Lala,Lok Sabha
PC-0156,MAH-District-25-Seat-156,DIST-0100,ST-02,Hon. MP Neel Sathe,Lok Sabha
PC-0157,MAH-District-26-Seat-157,DIST-0101,ST-02,Hon. MP Prisha Andra,Lok Sabha
PC-0158,MAH-District-26-Seat-158,DIST-0101,ST-02,Hon. MP Isaac Borra,Rajya Sabha
PC-0159,MAH-District-27-Seat-159,DIST-0102,ST-02,Hon. MP Manthan Banik,Lok Sabha
PC-0160,MAH-District-27-Seat-160,DIST-0102,ST-02,Hon. MP Kala Divan,Rajya Sabha
PC-0161,MAH-District-28-Seat-161,DIST-0103,ST-02,Hon. MP Qushi Datta,Rajya Sabha
PC-0162,MAH-District-29-Seat-162,DIST-0104,ST-02,Hon. MP Benjamin Morar,Lok Sabha
PC-0163,MAH-District-29-Seat-163,DIST-0104,ST-02,Hon. MP Janya Baral,Lok Sabha
PC-0164,MAH-District-30-Seat-164,DIST-0105,ST-02,Hon. MP Ishita Kade,Rajya Sabha
PC-0165,MAH-District-30-Seat-165,DIST-0105,ST-02,Hon. MP Zaid Chauhan,Lok Sabha
PC-0166,MAH-District-31-Seat-166,DIST-0106,ST-02,Hon. MP Irya Ray,Lok Sabha
PC-0167,MAH-District-32-Seat-167,DIST-0107,ST-02,Hon. MP Mohammed Khalsa,Lok Sabha
PC-0168,MAH-District-32-Seat-168,DIST-0107,ST-02,Hon. MP Nicholas Goel,Lok Sabha
PC-0169,MAH-District-33-Seat-169,DIST-0108,ST-02,Hon. MP Nitara Bakshi,Lok Sabha
PC-0170,MAH-District-34-Seat-170,DIST-0109,ST-02,Hon. MP Praneel Natarajan,Lok Sabha
PC-0171,MAH-District-34-Seat-171,DIST-0109,ST-02,Hon. MP Nisha Kothari,Rajya Sabha
PC-0172,MAH-District-35-Seat-172,DIST-0110,ST-02,Hon. MP Amara Dutta,Lok Sabha
PC-0173,MAH-District-36-Seat-173,DIST-0111,ST-02,Hon. MP Hritik Raja,Lok Sabha
PC-0174,BIH-District-01-Seat-174,DIST-0112,ST-03,Hon. MP Balvan Singhal,Lok Sabha
PC-0175,BIH-District-01-Seat-175,DIST-0112,ST-03,Hon. MP Tristan Iyengar,Lok Sabha
PC-0176,BIH-District-02-Seat-176,DIST-0113,ST-03,Hon. MP Triveni Palla,Lok Sabha
PC-0177,BIH-District-03-Seat-177,DIST-0114,ST-03,Hon. MP Dalaja Kari,Lok Sabha
PC-0178,BIH-District-04-Seat-178,DIST-0115,ST-03,Hon. MP Udant Bajwa,Rajya Sabha
PC-0179,BIH-District-05-Seat-179,DIST-0116,ST-03,Hon. MP Reyansh Rastogi,Lok Sabha
PC-0180,BIH-District-05-Seat-180,DIST-0116,ST-03,Hon. MP Falguni Mallick,Lok Sabha
PC-0181,BIH-District-06-Seat-181,DIST-0117,ST-03,Hon. MP Ekaraj Mallick,Lok Sabha
PC-0182,BIH-District-06-Seat-182,DIST-0117,ST-03,Hon. MP Indali Upadhyay,Lok Sabha
PC-0183,BIH-District-07-Seat-183,DIST-0118,ST-03,Hon. MP Mugdha Yadav,Lok Sabha
PC-0184,BIH-District-08-Seat-184,DIST-0119,ST-03,Hon. MP Garima Bala,Lok Sabha
PC-0185,BIH-District-08-Seat-185,DIST-0119,ST-03,Hon. MP Jack Lal,Lok Sabha
PC-0186,BIH-District-09-Seat-186,DIST-0120,ST-03,Hon. MP Pranav Lanka,Lok Sabha
PC-0187,BIH-District-10-Seat-187,DIST-0121,ST-03,Hon. MP Balvan Chopra,Lok Sabha
PC-0188,BIH-District-11-Seat-188,DIST-0122,ST-03,Hon. MP Radha Pai,Lok Sabha
PC-0189,BIH-District-11-Seat-189,DIST-0122,ST-03,Hon. MP Dipta Sarin,Lok Sabha
PC-0190,BIH-District-12-Seat-190,DIST-0123,ST-03,Hon. MP Yasti D’Alia,Lok Sabha
PC-0191,BIH-District-12-Seat-191,DIST-0123,ST-03,Hon. MP Lekha Gupta,Lok Sabha
PC-0192,BIH-District-13-Seat-192,DIST-0124,ST-03,Hon. MP Aachal Basu,Lok Sabha
PC-0193,BIH-District-13-Seat-193,DIST-0124,ST-03,Hon. MP Rajata Agarwal,Lok Sabha
PC-0194,BIH-District-14-Seat-194,DIST-0125,ST-03,Hon. MP Zinal Yohannan,Rajya Sabha
PC-0195,BIH-District-14-Seat-195,DIST-0125,ST-03,Hon. MP Ronith Patla,Rajya Sabha
PC-0196,BIH-District-15-Seat-196,DIST-0126,ST-03,Hon. MP Raagini Boase,Rajya Sabha
PC-0197,BIH-District-16-Seat-197,DIST-0127,ST-03,Hon. MP Ganga Murthy,Lok Sabha
PC-0198,BIH-District-17-Seat-198,DIST-0128,ST-03,Hon. MP Jeet Mital,Lok Sabha
PC-0199,BIH-District-18-Seat-199,DIST-0129,ST-03,Hon. MP Yashica More,Lok Sabha
PC-0200,BIH-District-19-Seat-200,DIST-0130,ST-03,Hon. MP Nilima Narain,Lok Sabha
PC-0201,BIH-District-19-Seat-201,DIST-0130,ST-03,Hon. MP Neha Merchant,Lok Sabha
PC-0202,BIH-District-20-Seat-202,DIST-0131,ST-03,Hon. MP Joshua Handa,Lok Sabha
PC-0203,BIH-District-21-Seat-203,DIST-0132,ST-03,Hon. MP Osha Raghavan,Lok Sabha
PC-0204,BIH-District-21-Seat-204,DIST-0132,ST-03,Hon. MP Owen Mitra,Lok Sabha
PC-0205,BIH-District-22-Seat-205,DIST-0133,ST-03,Hon. MP Nidra Acharya,Lok Sabha
PC-0206,BIH-District-22-Seat-206,DIST-0133,ST-03,Hon. MP Daksha Mangat,Rajya Sabha
PC-0207,BIH-District-23-Seat-207,DIST-0134,ST-03,Hon. MP Shivansh Sani,Lok Sabha
PC-0208,BIH-District-24-Seat-208,DIST-0135,ST-03,Hon. MP Ekanta Shroff,Lok Sabha
PC-0209,BIH-District-24-Seat-209,DIST-0135,ST-03,Hon. MP Riya Sathe,Rajya Sabha
PC-0210,BIH-District-25-Seat-210,DIST-0136,ST-03,Hon. MP Tanay Vaidya,Lok Sabha
PC-0211,BIH-District-25-Seat-211,DIST-0136,ST-03,Hon. MP Urvashi Gara,Lok Sabha
PC-0212,BIH-District-26-Seat-212,DIST-0137,ST-03,Hon. MP Frado Mander,Lok Sabha
PC-0213,BIH-District-27-Seat-213,DIST-0138,ST-03,Hon. MP Yutika Nayak,Lok Sabha
PC-0214,BIH-District-27-Seat-214,DIST-0138,ST-03,Hon. MP Girik Keer,Lok Sabha
PC-0215,BIH-District-28-Seat-215,DIST-0139,ST-03,Hon. MP Dayita Kar,Lok Sabha
PC-0216,BIH-District-29-Seat-216,DIST-0140,ST-03,Hon. MP Rushil Din,Lok Sabha
PC-0217,BIH-District-29-Seat-217,DIST-0140,ST-03,Hon. MP Aryan Batra,Lok Sabha
PC-0218,BIH-District-30-Seat-218,DIST-0141,ST-03,Hon. MP Yash Soman,Rajya Sabha
PC-0219,BIH-District-31-Seat-219,DIST-0142,ST-03,Hon. MP Elijah Shah,Rajya Sabha
PC-0220,BIH-District-32-Seat-220,DIST-0143,ST-03,Hon. MP Oeshi Hayer,Lok Sabha
PC-0221,BIH-District-32-Seat-221,DIST-0143,ST-03,Hon. MP Leena Talwar,Lok Sabha
PC-0222,BIH-District-33-Seat-222,DIST-0144,ST-03,Hon. MP Mugdha Kohli,Rajya Sabha
PC-0223,BIH-District-33-Seat-223,DIST-0144,ST-03,Hon. MP Manbir Ahluwalia,Lok Sabha
PC-0224,BIH-District-34-Seat-224,DIST-0145,ST-03,Hon. MP Hredhaan Sandal,Lok Sabha
PC-0225,BIH-District-35-Seat-225,DIST-0146,ST-03,Hon. MP Theodore Goda,Lok Sabha
PC-0226,BIH-District-36-Seat-226,DIST-0147,ST-03,Hon. MP Zarna Shetty,Rajya Sabha
PC-0227,BIH-District-37-Seat-227,DIST-0148,ST-03,Hon. MP Chandresh Krish,Lok Sabha
PC-0228,BIH-District-38-Seat-228,DIST-0149,ST-03,Hon. MP Jairaj Shan,Lok Sabha
PC-0229,WES-District-01-Seat-229,DIST-0150,ST-04,Hon. MP Kiaan Shetty,Lok Sabha
PC-0230,WES-District-01-Seat-230,DIST-0150,ST-04,Hon. MP Edhitha Savant,Lok Sabha
PC-0231,WES-District-02-Seat-231,DIST-0151,ST-04,Hon. MP Yamini Sandhu,Lok Sabha
PC-0232,WES-District-02-Seat-232,DIST-0151,ST-04,Hon. MP Sanaya Dutt,Lok Sabha
PC-0233,WES-District-03-Seat-233,DIST-0152,ST-04,Hon. MP Vaishnavi Sengupta,Lok Sabha
PC-0234,WES-District-04-Seat-234,DIST-0153,ST-04,Hon. MP Aashi Kota,Lok Sabha
PC-0235,WES-District-05-Seat-235,DIST-0154,ST-04,Hon. MP Aradhana Verma,Lok Sabha
PC-0236,WES-District-06-Seat-236,DIST-0155,ST-04,Hon. MP Vedhika Khare,Lok Sabha
PC-0237,WES-District-06-Seat-237,DIST-0155,ST-04,Hon. MP Anvi Sarraf,Lok Sabha
PC-0238,WES-District-07-Seat-238,DIST-0156,ST-04,Hon. MP Faras Mangal,Lok Sabha
PC-0239,WES-District-08-Seat-239,DIST-0157,ST-04,Hon. MP Wahab Magar,Lok Sabha
PC-0240,WES-District-08-Seat-240,DIST-0157,ST-04,Hon. MP Gautami Nagarajan,Rajya Sabha
PC-0241,WES-District-09-Seat-241,DIST-0158,ST-04,Hon. MP Faris Devi,Lok Sabha
PC-0242,WES-District-09-Seat-242,DIST-0158,ST-04,Hon. MP Matthew Kashyap,Lok Sabha
PC-0243,WES-District-10-Seat-243,DIST-0159,ST-04,Hon. MP Leela Dua,Lok Sabha
PC-0244,WES-District-11-Seat-244,DIST-0160,ST-04,Hon. MP Tanish Bhatt,Lok Sabha
PC-0245,WES-District-11-Seat-245,DIST-0160,ST-04,Hon. MP Oeshi Reddy,Lok Sabha
PC-0246,WES-District-12-Seat-246,DIST-0161,ST-04,Hon. MP Ganga Shukla,Lok Sabha
PC-0247,WES-District-12-Seat-247,DIST-0161,ST-04,Hon. MP Ojasvi Bhatia,Lok Sabha
PC-0248,WES-District-13-Seat-248,DIST-0162,ST-04,Hon. MP Samuel Salvi,Lok Sabha
PC-0249,WES-District-14-Seat-249,DIST-0163,ST-04,Hon. MP Lopa Bahri,Rajya Sabha
PC-0250,WES-District-15-Seat-250,DIST-0164,ST-04,Hon. MP Lajita Sood,Lok Sabha
PC-0251,WES-District-15-Seat-251,DIST-0164,ST-04,Hon. MP Abeer Pandey,Lok Sabha
PC-0252,WES-District-16-Seat-252,DIST-0165,ST-04,Hon. MP Chanchal Ramakrishnan,Lok Sabha
PC-0253,WES-District-17-Seat-253,DIST-0166,ST-04,Hon. MP Oni Yohannan,Lok Sabha
PC-0254,WES-District-17-Seat-254,DIST-0166,ST-04,Hon. MP Thomas Sura,Rajya Sabha
PC-0255,WES-District-18-Seat-255,DIST-0167,ST-04,Hon. MP Theodore Mahajan,Rajya Sabha
PC-0256,WES-District-18-Seat-256,DIST-0167,ST-04,Hon. MP Rajata Sunder,Lok Sabha
PC-0257,WES-District-19-Seat-257,DIST-0168,ST-04,Hon. MP Ayush Ramachandran,Lok Sabha
PC-0258,WES-District-19-Seat-258,DIST-0168,ST-04,Hon. MP Gayathri Ravel,Lok Sabha
PC-0259,WES-District-20-Seat-259,DIST-0169,ST-04,Hon. MP Noah Sibal,Lok Sabha
PC-0260,WES-District-20-Seat-260,DIST-0169,ST-04,Hon. MP Joshua Walla,Rajya Sabha
PC-0261,WES-District-21-Seat-261,DIST-0170,ST-04,Hon. MP Avi Ramesh,Lok Sabha
PC-0262,WES-District-22-Seat-262,DIST-0171,ST-04,Hon. MP Avi Chacko,Lok Sabha
PC-0263,WES-District-22-Seat-263,DIST-0171,ST-04,Hon. MP Priya Deshmukh,Rajya Sabha
PC-0264,WES-District-23-Seat-264,DIST-0172,ST-04,Hon. MP Triya Gopal,Lok Sabha
PC-0265,WES-District-23-Seat-265,DIST-0172,ST-04,Hon. MP Chandresh Lad,Rajya Sabha
PC-0266,MAD-District-01-Seat-266,DIST-0173,ST-05,Hon. MP Ladli Narang,Lok Sabha
PC-0267,MAD-District-02-Seat-267,DIST-0174,ST-05,Hon. MP Siddharth Sha,Lok Sabha
PC-0268,MAD-District-03-Seat-268,DIST-0175,ST-05,Hon. MP Eta Nazareth,Lok Sabha
PC-0269,MAD-District-04-Seat-269,DIST-0176,ST-05,Hon. MP Ladli Mall,Lok Sabha
PC-0270,MAD-District-04-Seat-270,DIST-0176,ST-05,Hon. MP Oviya Krishnan,Lok Sabha
PC-0271,MAD-District-05-Seat-271,DIST-0177,ST-05,Hon. MP Finn Singhal,Lok Sabha
PC-0272,MAD-District-06-Seat-272,DIST-0178,ST-05,Hon. MP Anirudh Zacharia,Rajya Sabha
PC-0273,MAD-District-07-Seat-273,DIST-0179,ST-05,Hon. MP Charles Palla,Rajya Sabha
PC-0274,MAD-District-08-Seat-274,DIST-0180,ST-05,Hon. MP Udarsh Biswas,Lok Sabha
PC-0275,MAD-District-08-Seat-275,DIST-0180,ST-05,Hon. MP Banjeet Balasubramanian,Lok Sabha
PC-0276,MAD-District-09-Seat-276,DIST-0181,ST-05,Hon. MP Yug Iyengar,Rajya Sabha
PC-0277,MAD-District-10-Seat-277,DIST-0182,ST-05,Hon. MP Anmol Dua,Lok Sabha
PC-0278,MAD-District-11-Seat-278,DIST-0183,ST-05,Hon. MP William Date,Lok Sabha
PC-0279,MAD-District-12-Seat-279,DIST-0184,ST-05,Hon. MP Urvashi Contractor,Lok Sabha
PC-0280,MAD-District-13-Seat-280,DIST-0185,ST-05,Hon. MP Tejas Shroff,Lok Sabha
PC-0281,MAD-District-13-Seat-281,DIST-0185,ST-05,Hon. MP Aahana Pillay,Lok Sabha
PC-0282,MAD-District-14-Seat-282,DIST-0186,ST-05,Hon. MP Oliver Contractor,Lok Sabha
PC-0283,MAD-District-15-Seat-283,DIST-0187,ST-05,Hon. MP Nihal Mukhopadhyay,Rajya Sabha
PC-0284,MAD-District-15-Seat-284,DIST-0187,ST-05,Hon. MP Hritik Bal,Lok Sabha
PC-0285,MAD-District-16-Seat-285,DIST-0188,ST-05,Hon. MP Devika Prashad,Rajya Sabha
PC-0286,MAD-District-17-Seat-286,DIST-0189,ST-05,Hon. MP Mekhala Issac,Rajya Sabha
PC-0287,MAD-District-17-Seat-287,DIST-0189,ST-05,Hon. MP Faqid Kibe,Rajya Sabha
PC-0288,MAD-District-18-Seat-288,DIST-0190,ST-05,Hon. MP Harsh Mitra,Lok Sabha
PC-0289,MAD-District-19-Seat-289,DIST-0191,ST-05,Hon. MP Jai Barman,Lok Sabha
PC-0290,MAD-District-19-Seat-290,DIST-0191,ST-05,Hon. MP Idika Walia,Lok Sabha
PC-0291,MAD-District-20-Seat-291,DIST-0192,ST-05,Hon. MP Priya Prabhakar,Lok Sabha
PC-0292,MAD-District-21-Seat-292,DIST-0193,ST-05,Hon. MP Ekapad Toor,Lok Sabha
PC-0293,MAD-District-21-Seat-293,DIST-0193,ST-05,Hon. MP Harita Arora,Rajya Sabha
PC-0294,MAD-District-22-Seat-294,DIST-0194,ST-05,Hon. MP Osha Suri,Lok Sabha
PC-0295,MAD-District-23-Seat-295,DIST-0195,ST-05,Hon. MP Hitesh Sant,Lok Sabha
PC-0296,MAD-District-23-Seat-296,DIST-0195,ST-05,Hon. MP Janaki Sharaf,Rajya Sabha
PC-0297,MAD-District-24-Seat-297,DIST-0196,ST-05,Hon. MP Michael Saran,Lok Sabha
PC-0298,MAD-District-25-Seat-298,DIST-0197,ST-05,Hon. MP Patrick Vig,Lok Sabha
PC-0299,MAD-District-25-Seat-299,DIST-0197,ST-05,Hon. MP Anamika Yohannan,Lok Sabha
PC-0300,MAD-District-26-Seat-300,DIST-0198,ST-05,Hon. MP Veda Shroff,Rajya Sabha
PC-0301,MAD-District-27-Seat-301,DIST-0199,ST-05,Hon. MP Rajata Loyal,Lok Sabha
PC-0302,MAD-District-28-Seat-302,DIST-0200,ST-05,Hon. MP Ekantika Korpal,Lok Sabha
PC-0303,MAD-District-29-Seat-303,DIST-0201,ST-05,Hon. MP Gabriel Mallick,Lok Sabha
PC-0304,MAD-District-30-Seat-304,DIST-0202,ST-05,Hon. MP Shravya Kohli,Lok Sabha
PC-0305,MAD-District-31-Seat-305,DIST-0203,ST-05,Hon. MP Ucchal Raghavan,Lok Sabha
PC-0306,MAD-District-31-Seat-306,DIST-0203,ST-05,Hon. MP Gayathri Balakrishnan,Rajya Sabha
PC-0307,MAD-District-32-Seat-307,DIST-0204,ST-05,Hon. MP Warda Nair,Lok Sabha
PC-0308,MAD-District-32-Seat-308,DIST-0204,ST-05,Hon. MP Qabil Sura,Rajya Sabha
PC-0309,MAD-District-33-Seat-309,DIST-0205,ST-05,Hon. MP Simon Pant,Lok Sabha
PC-0310,MAD-District-33-Seat-310,DIST-0205,ST-05,Hon. MP Aarna Oak,Lok Sabha
PC-0311,MAD-District-34-Seat-311,DIST-0206,ST-05,Hon. MP Ati Majumdar,Lok Sabha
PC-0312,MAD-District-35-Seat-312,DIST-0207,ST-05,Hon. MP Advaith Varughese,Rajya Sabha
PC-0313,MAD-District-36-Seat-313,DIST-0208,ST-05,Hon. MP Rayaan Chada,Rajya Sabha
PC-0314,MAD-District-37-Seat-314,DIST-0209,ST-05,Hon. MP Wyatt Ray,Lok Sabha
PC-0315,MAD-District-37-Seat-315,DIST-0209,ST-05,Hon. MP Vrinda Khosla,Rajya Sabha
PC-0316,MAD-District-38-Seat-316,DIST-0210,ST-05,Hon. MP Vamakshi Swaminathan,Lok Sabha
PC-0317,MAD-District-39-Seat-317,DIST-0211,ST-05,Hon. MP Sara Badal,Lok Sabha
PC-0318,MAD-District-40-Seat-318,DIST-0212,ST-05,Hon. MP Girik Menon,Rajya Sabha
PC-0319,MAD-District-41-Seat-319,DIST-0213,ST-05,Hon. MP Timothy Ravel,Lok Sabha
PC-0320,MAD-District-42-Seat-320,DIST-0214,ST-05,Hon. MP Yagnesh Mohan,Lok Sabha
PC-0321,MAD-District-43-Seat-321,DIST-0215,ST-05,Hon. MP Jyoti Solanki,Rajya Sabha
PC-0322,MAD-District-44-Seat-322,DIST-0216,ST-05,Hon. MP Hemangini Sandal,Lok Sabha
PC-0323,MAD-District-44-Seat-323,DIST-0216,ST-05,Hon. MP Ganga Pandey,Rajya Sabha
PC-0324,MAD-District-45-Seat-324,DIST-0217,ST-05,Hon. MP Sudiksha Madan,Lok Sabha
PC-0325,MAD-District-45-Seat-325,DIST-0217,ST-05,Hon. MP Damini Krishnamurthy,Rajya Sabha
PC-0326,MAD-District-46-Seat-326,DIST-0218,ST-05,Hon. MP Vihaan Dara,Lok Sabha
PC-0327,MAD-District-46-Seat-327,DIST-0218,ST-05,Hon. MP Reyansh Mutti,Rajya Sabha
PC-0328,MAD-District-47-Seat-328,DIST-0219,ST-05,Hon. MP Jagdish Wason,Rajya Sabha
PC-0329,MAD-District-48-Seat-329,DIST-0220,ST-05,Hon. MP Qasim Handa,Rajya Sabha
PC-0330,MAD-District-49-Seat-330,DIST-0221,ST-05,Hon. MP Tarak Sule,Lok Sabha
PC-0331,MAD-District-49-Seat-331,DIST-0221,ST-05,Hon. MP Aradhana Vohra,Rajya Sabha
PC-0332,MAD-District-50-Seat-332,DIST-0222,ST-05,Hon. MP Barkha Chaudhry,Lok Sabha
PC-0333,MAD-District-51-Seat-333,DIST-0223,ST-05,Hon. MP Rishi Minhas,Rajya Sabha
PC-0334,MAD-District-51-Seat-334,DIST-0223,ST-05,Hon. MP Utkarsh Patel,Lok Sabha
PC-0335,MAD-District-52-Seat-335,DIST-0224,ST-05,Hon. MP Praneel Mittal,Rajya Sabha
PC-0336,MAD-District-53-Seat-336,DIST-0225,ST-05,Hon. MP Akshay Walla,Rajya Sabha
PC-0337,MAD-District-53-Seat-337,DIST-0225,ST-05,Hon. MP Jonathan Mahal,Lok Sabha
PC-0338,MAD-District-54-Seat-338,DIST-0226,ST-05,Hon. MP Chakradev Bhagat,Lok Sabha
PC-0339,MAD-District-54-Seat-339,DIST-0226,ST-05,Hon. MP Brinda Date,Lok Sabha
PC-0340,MAD-District-55-Seat-340,DIST-0227,ST-05,Hon. MP Vritti Chauhan,Lok Sabha
PC-0341,TAM-District-01-Seat-341,DIST-0228,ST-06,Hon. MP Advik Mane,Lok Sabha
PC-0342,TAM-District-02-Seat-342,DIST-0229,ST-06,Hon. MP Upasna Srinivas,Rajya Sabha
PC-0343,TAM-District-03-Seat-343,DIST-0230,ST-06,Hon. MP Ridhi Oak,Rajya Sabha
PC-0344,TAM-District-04-Seat-344,DIST-0231,ST-06,Hon. MP Qarin Behl,Lok Sabha
PC-0345,TAM-District-04-Seat-345,DIST-0231,ST-06,Hon. MP Zayyan Sridhar,Rajya Sabha
PC-0346,TAM-District-05-Seat-346,DIST-0232,ST-06,Hon. MP Ishaan Bhattacharyya,Rajya Sabha
PC-0347,TAM-District-06-Seat-347,DIST-0233,ST-06,Hon. MP Nandini Swamy,Lok Sabha
PC-0348,TAM-District-07-Seat-348,DIST-0234,ST-06,Hon. MP Ethan Bera,Lok Sabha
PC-0349,TAM-District-07-Seat-349,DIST-0234,ST-06,Hon. MP Max Dixit,Lok Sabha
PC-0350,TAM-District-08-Seat-350,DIST-0235,ST-06,Hon. MP Daksha Chada,Lok Sabha
PC-0351,TAM-District-08-Seat-351,DIST-0235,ST-06,Hon. MP Yuvraj Dani,Lok Sabha
PC-0352,TAM-District-09-Seat-352,DIST-0236,ST-06,Hon. MP Omaja Kara,Rajya Sabha
PC-0353,TAM-District-10-Seat-353,DIST-0237,ST-06,Hon. MP Lajita Seshadri,Lok Sabha
PC-0354,TAM-District-10-Seat-354,DIST-0237,ST-06,Hon. MP Saanvi Mishra,Lok Sabha
PC-0355,TAM-District-11-Seat-355,DIST-0238,ST-06,Hon. MP Pushti Mody,Lok Sabha
PC-0356,TAM-District-11-Seat-356,DIST-0238,ST-06,Hon. MP Darpan Chaudhary,Lok Sabha
PC-0357,TAM-District-12-Seat-357,DIST-0239,ST-06,Hon. MP Sarthak Kakar,Lok Sabha
PC-0358,TAM-District-12-Seat-358,DIST-0239,ST-06,Hon. MP Aishani Bumb,Rajya Sabha
PC-0359,TAM-District-13-Seat-359,DIST-0240,ST-06,Hon. MP Naksh Khatri,Lok Sabha
PC-0360,TAM-District-13-Seat-360,DIST-0240,ST-06,Hon. MP Oscar Borde,Lok Sabha
PC-0361,TAM-District-14-Seat-361,DIST-0241,ST-06,Hon. MP Naksh Agate,Rajya Sabha
PC-0362,TAM-District-14-Seat-362,DIST-0241,ST-06,Hon. MP Nilima Seshadri,Lok Sabha
PC-0363,TAM-District-15-Seat-363,DIST-0242,ST-06,Hon. MP Upma Manne,Rajya Sabha
PC-0364,TAM-District-15-Seat-364,DIST-0242,ST-06,Hon. MP Bachittar Kata,Lok Sabha
PC-0365,TAM-District-16-Seat-365,DIST-0243,ST-06,Hon. MP Bhavya Mandal,Rajya Sabha
PC-0366,TAM-District-16-Seat-366,DIST-0243,ST-06,Hon. MP Sudiksha Bobal,Lok Sabha
PC-0367,TAM-District-17-Seat-367,DIST-0244,ST-06,Hon. MP Vivaan Lalla,Lok Sabha
PC-0368,TAM-District-17-Seat-368,DIST-0244,ST-06,Hon. MP Rudra Sandal,Lok Sabha
PC-0369,TAM-District-18-Seat-369,DIST-0245,ST-06,Hon. MP Ishwar Kar,Rajya Sabha
PC-0370,TAM-District-18-Seat-370,DIST-0245,ST-06,Hon. MP Manthan Lata,Lok Sabha
PC-0371,TAM-District-19-Seat-371,DIST-0246,ST-06,Hon. MP Lucky Bora,Lok Sabha
PC-0372,TAM-District-20-Seat-372,DIST-0247,ST-06,Hon. MP Darpan Gandhi,Rajya Sabha
PC-0373,TAM-District-20-Seat-373,DIST-0247,ST-06,Hon. MP Damyanti Mani,Rajya Sabha
PC-0374,TAM-District-21-Seat-374,DIST-0248,ST-06,Hon. MP Reva Dash,Rajya Sabha
PC-0375,TAM-District-22-Seat-375,DIST-0249,ST-06,Hon. MP Upadhriti Modi,Lok Sabha
PC-0376,TAM-District-22-Seat-376,DIST-0249,ST-06,Hon. MP Neha Magar,Lok Sabha
PC-0377,TAM-District-23-Seat-377,DIST-0250,ST-06,Hon. MP Xiti Zacharia,Lok Sabha
PC-0378,TAM-District-23-Seat-378,DIST-0250,ST-06,Hon. MP Wakeeta Sarma,Lok Sabha
PC-0379,TAM-District-24-Seat-379,DIST-0251,ST-06,Hon. MP Faris Baral,Lok Sabha
PC-0380,TAM-District-25-Seat-380,DIST-0252,ST-06,Hon. MP Rachana Naidu,Lok Sabha
PC-0381,TAM-District-25-Seat-381,DIST-0252,ST-06,Hon. MP Zashil Bal,Lok Sabha
PC-0382,TAM-District-26-Seat-382,DIST-0253,ST-06,Hon. MP Gavin Karnik,Lok Sabha
PC-0383,TAM-District-27-Seat-383,DIST-0254,ST-06,Hon. MP Ansh Luthra,Lok Sabha
PC-0384,TAM-District-28-Seat-384,DIST-0255,ST-06,Hon. MP Banjeet Gill,Lok Sabha
PC-0385,TAM-District-28-Seat-385,DIST-0255,ST-06,Hon. MP Upma Venkataraman,Rajya Sabha
PC-0386,TAM-District-29-Seat-386,DIST-0256,ST-06,Hon. MP Riya Mall,Lok Sabha
PC-0387,TAM-District-30-Seat-387,DIST-0257,ST-06,Hon. MP Pratyush Sarin,Rajya Sabha
PC-0388,TAM-District-30-Seat-388,DIST-0257,ST-06,Hon. MP Vyanjana Chand,Lok Sabha
PC-0389,TAM-District-31-Seat-389,DIST-0258,ST-06,Hon. MP Upma Pall,Lok Sabha
PC-0390,TAM-District-32-Seat-390,DIST-0259,ST-06,Hon. MP Nilima Nath,Lok Sabha
PC-0391,TAM-District-32-Seat-391,DIST-0259,ST-06,Hon. MP Ekani Cheema,Lok Sabha
PC-0392,TAM-District-33-Seat-392,DIST-0260,ST-06,Hon. MP Naveen Narayan,Lok Sabha
PC-0393,TAM-District-33-Seat-393,DIST-0260,ST-06,Hon. MP Nisha Tandon,Rajya Sabha
PC-0394,TAM-District-34-Seat-394,DIST-0261,ST-06,Hon. MP Bhavya Rattan,Lok Sabha
PC-0395,TAM-District-34-Seat-395,DIST-0261,ST-06,Hon. MP Balhaar Sha,Lok Sabha
PC-0396,TAM-District-35-Seat-396,DIST-0262,ST-06,Hon. MP Gaurang Murty,Rajya Sabha
PC-0397,TAM-District-36-Seat-397,DIST-0263,ST-06,Hon. MP Zayyan Naik,Lok Sabha
PC-0398,TAM-District-36-Seat-398,DIST-0263,ST-06,Hon. MP Jack Raval,Lok Sabha
PC-0399,TAM-District-37-Seat-399,DIST-0264,ST-06,Hon. MP Yoshita Agarwal,Lok Sabha
PC-0400,TAM-District-37-Seat-400,DIST-0264,ST-06,Hon. MP Turvi Sachdev,Lok Sabha
PC-0401,TAM-District-38-Seat-401,DIST-0265,ST-06,Hon. MP Chatura Guha,Rajya Sabha
PC-0402,RAJ-District-01-Seat-402,DIST-0266,ST-07,Hon. MP Zarna Pathak,Lok Sabha
PC-0403,RAJ-District-01-Seat-403,DIST-0266,ST-07,Hon. MP Wishi Sathe,Lok Sabha
PC-0404,RAJ-District-02-Seat-404,DIST-0267,ST-07,Hon. MP Charan Jani,Rajya Sabha
PC-0405,RAJ-District-02-Seat-405,DIST-0267,ST-07,Hon. MP Amara Deep,Lok Sabha
PC-0406,RAJ-District-03-Seat-406,DIST-0268,ST-07,Hon. MP Bhavna Sarma,Lok Sabha
PC-0407,RAJ-District-03-Seat-407,DIST-0268,ST-07,Hon. MP Vedhika Dara,Lok Sabha
PC-0408,RAJ-District-04-Seat-408,DIST-0269,ST-07,Hon. MP Ayush Khatri,Lok Sabha
PC-0409,RAJ-District-05-Seat-409,DIST-0270,ST-07,Hon. MP Nathan Mukhopadhyay,Lok Sabha
PC-0410,RAJ-District-05-Seat-410,DIST-0270,ST-07,Hon. MP Akshay Reddy,Rajya Sabha
PC-0411,RAJ-District-06-Seat-411,DIST-0271,ST-07,Hon. MP Girik Kar,Lok Sabha
PC-0412,RAJ-District-07-Seat-412,DIST-0272,ST-07,Hon. MP Ishaan Shenoy,Lok Sabha
PC-0413,RAJ-District-08-Seat-413,DIST-0273,ST-07,Hon. MP Jacob Dube,Lok Sabha
PC-0414,RAJ-District-08-Seat-414,DIST-0273,ST-07,Hon. MP Wishi Manne,Lok Sabha
PC-0415,RAJ-District-09-Seat-415,DIST-0274,ST-07,Hon. MP Yashodhara Mahajan,Lok Sabha
PC-0416,RAJ-District-10-Seat-416,DIST-0275,ST-07,Hon. MP Ojasvi Subramanian,Lok Sabha
PC-0417,RAJ-District-10-Seat-417,DIST-0275,ST-07,Hon. MP Urmi Kohli,Lok Sabha
PC-0418,RAJ-District-11-Seat-418,DIST-0276,ST-07,Hon. MP Tanmayi Dhillon,Lok Sabha
PC-0419,RAJ-District-12-Seat-419,DIST-0277,ST-07,Hon. MP Leela Halder,Rajya Sabha
PC-0420,RAJ-District-13-Seat-420,DIST-0278,ST-07,Hon. MP Yashoda Deshpande,Lok Sabha
PC-0421,RAJ-District-14-Seat-421,DIST-0279,ST-07,Hon. MP Ekaraj Majumdar,Lok Sabha
PC-0422,RAJ-District-15-Seat-422,DIST-0280,ST-07,Hon. MP Oeshi Oak,Lok Sabha
PC-0423,RAJ-District-15-Seat-423,DIST-0280,ST-07,Hon. MP Yashica Loke,Lok Sabha
PC-0424,RAJ-District-16-Seat-424,DIST-0281,ST-07,Hon. MP Aarnav Mandal,Rajya Sabha
PC-0425,RAJ-District-17-Seat-425,DIST-0282,ST-07,Hon. MP Chanchal Suri,Lok Sabha
PC-0426,RAJ-District-18-Seat-426,DIST-0283,ST-07,Hon. MP Manthan Sekhon,Lok Sabha
PC-0427,RAJ-District-18-Seat-427,DIST-0283,ST-07,Hon. MP Veda Pai,Lok Sabha
PC-0428,RAJ-District-19-Seat-428,DIST-0284,ST-07,Hon. MP Gaurangi Purohit,Lok Sabha
PC-0429,RAJ-District-19-Seat-429,DIST-0284,ST-07,Hon. MP Tamanna Nagy,Lok Sabha
PC-0430,RAJ-District-20-Seat-430,DIST-0285,ST-07,Hon. MP Ranbir Khare,Rajya Sabha
PC-0431,RAJ-District-20-Seat-431,DIST-0285,ST-07,Hon. MP Leela Kaur,Rajya Sabha
PC-0432,RAJ-District-21-Seat-432,DIST-0286,ST-07,Hon. MP Nirja Bassi,Lok Sabha
PC-0433,RAJ-District-22-Seat-433,DIST-0287,ST-07,Hon. MP Eesha Solanki,Lok Sabha
PC-0434,RAJ-District-22-Seat-434,DIST-0287,ST-07,Hon. MP Lakshmi Raju,Lok Sabha
PC-0435,RAJ-District-23-Seat-435,DIST-0288,ST-07,Hon. MP Max Tandon,Lok Sabha
PC-0436,RAJ-District-24-Seat-436,DIST-0289,ST-07,Hon. MP Balhaar Date,Lok Sabha
PC-0437,RAJ-District-25-Seat-437,DIST-0290,ST-07,Hon. MP Yadavi Narula,Lok Sabha
PC-0438,RAJ-District-26-Seat-438,DIST-0291,ST-07,Hon. MP Harish Sarraf,Lok Sabha
PC-0439,RAJ-District-27-Seat-439,DIST-0292,ST-07,Hon. MP Harish Vora,Lok Sabha
PC-0440,RAJ-District-27-Seat-440,DIST-0292,ST-07,Hon. MP Tanmayi Aurora,Lok Sabha
PC-0441,RAJ-District-28-Seat-441,DIST-0293,ST-07,Hon. MP Maanas Rout,Rajya Sabha
PC-0442,RAJ-District-28-Seat-442,DIST-0293,ST-07,Hon. MP Mohammed Borde,Lok Sabha
PC-0443,RAJ-District-29-Seat-443,DIST-0294,ST-07,Hon. MP Upasna Lanka,Lok Sabha
PC-0444,RAJ-District-30-Seat-444,DIST-0295,ST-07,Hon. MP Hamsini Rao,Lok Sabha
PC-0445,RAJ-District-30-Seat-445,DIST-0295,ST-07,Hon. MP Faris Narasimhan,Lok Sabha
PC-0446,RAJ-District-31-Seat-446,DIST-0296,ST-07,Hon. MP Lajita Nadig,Rajya Sabha
PC-0447,RAJ-District-32-Seat-447,DIST-0297,ST-07,Hon. MP Vinaya Banik,Rajya Sabha
PC-0448,RAJ-District-33-Seat-448,DIST-0298,ST-07,Hon. MP Ekapad Keer,Rajya Sabha
PC-0449,RAJ-District-34-Seat-449,DIST-0299,ST-07,Hon. MP Bhavna Karan,Rajya Sabha
PC-0450,RAJ-District-34-Seat-450,DIST-0299,ST-07,Hon. MP Gautam Saraf,Lok Sabha
PC-0451,RAJ-District-35-Seat-451,DIST-0300,ST-07,Hon. MP Guneet Chaudhry,Lok Sabha
PC-0452,RAJ-District-36-Seat-452,DIST-0301,ST-07,Hon. MP Sachi Ganesan,Lok Sabha
PC-0453,RAJ-District-36-Seat-453,DIST-0301,ST-07,Hon. MP Chandani Balakrishnan,Lok Sabha
PC-0454,RAJ-District-37-Seat-454,DIST-0302,ST-07,Hon. MP Chakradhar Nair,Rajya Sabha
PC-0455,RAJ-District-38-Seat-455,DIST-0303,ST-07,Hon. MP Daksh Memon,Lok Sabha
PC-0456,RAJ-District-39-Seat-456,DIST-0304,ST-07,Hon. MP Jagrati Prasad,Lok Sabha
PC-0457,RAJ-District-39-Seat-457,DIST-0304,ST-07,Hon. MP Raagini Dhingra,Lok Sabha
PC-0458,RAJ-District-40-Seat-458,DIST-0305,ST-07,Hon. MP Yash Wali,Lok Sabha
PC-0459,RAJ-District-41-Seat-459,DIST-0306,ST-07,Hon. MP Nisha Gole,Rajya Sabha
PC-0460,RAJ-District-41-Seat-460,DIST-0306,ST-07,Hon. MP Onkar Gill,Lok Sabha
PC-0461,RAJ-District-42-Seat-461,DIST-0307,ST-07,Hon. MP Farhan Raja,Lok Sabha
PC-0462,RAJ-District-43-Seat-462,DIST-0308,ST-07,Hon. MP Wridesh Tank,Lok Sabha
PC-0463,RAJ-District-43-Seat-463,DIST-0308,ST-07,Hon. MP Luke Kata,Lok Sabha
PC-0464,RAJ-District-44-Seat-464,DIST-0309,ST-07,Hon. MP Triya Kumar,Rajya Sabha
PC-0465,RAJ-District-44-Seat-465,DIST-0309,ST-07,Hon. MP Tripti Kumer,Lok Sabha
PC-0466,RAJ-District-45-Seat-466,DIST-0310,ST-07,Hon. MP Aditya Shroff,Lok Sabha
PC-0467,RAJ-District-45-Seat-467,DIST-0310,ST-07,Hon. MP Bhavna Dugar,Lok Sabha
PC-0468,RAJ-District-46-Seat-468,DIST-0311,ST-07,Hon. MP Ethan Sathe,Lok Sabha
PC-0469,RAJ-District-46-Seat-469,DIST-0311,ST-07,Hon. MP Hemani Mistry,Lok Sabha
PC-0470,RAJ-District-47-Seat-470,DIST-0312,ST-07,Hon. MP Panini Krishna,Rajya Sabha
PC-0471,RAJ-District-47-Seat-471,DIST-0312,ST-07,Hon. MP Tanmayi Mittal,Lok Sabha
PC-0472,RAJ-District-48-Seat-472,DIST-0313,ST-07,Hon. MP Rushil Rajagopalan,Rajya Sabha
PC-0473,RAJ-District-49-Seat-473,DIST-0314,ST-07,Hon. MP Vasudha Chhabra,Lok Sabha
PC-0474,RAJ-District-49-Seat-474,DIST-0314,ST-07,Hon. MP Warjas Raj,Lok Sabha
PC-0475,RAJ-District-50-Seat-475,DIST-0315,ST-07,Hon. MP Jagrati Merchant,Lok Sabha
PC-0476,KAR-District-01-Seat-476,DIST-0316,ST-08,Hon. MP Chakrika Bains,Lok Sabha
PC-0477,KAR-District-01-Seat-477,DIST-0316,ST-08,Hon. MP Meghana Maharaj,Lok Sabha
PC-0478,KAR-District-02-Seat-478,DIST-0317,ST-08,Hon. MP Abhiram Bawa,Lok Sabha
PC-0479,KAR-District-03-Seat-479,DIST-0318,ST-08,Hon. MP Watika Mangat,Rajya Sabha
PC-0480,KAR-District-03-Seat-480,DIST-0318,ST-08,Hon. MP Victor Pandey,Lok Sabha
PC-0481,KAR-District-04-Seat-481,DIST-0319,ST-08,Hon. MP Theodore Gupta,Rajya Sabha
PC-0482,KAR-District-04-Seat-482,DIST-0319,ST-08,Hon. MP Zashil Devan,Lok Sabha
PC-0483,KAR-District-05-Seat-483,DIST-0320,ST-08,Hon. MP Gunbir Baral,Lok Sabha
PC-0484,KAR-District-06-Seat-484,DIST-0321,ST-08,Hon. MP Dayamai Sastry,Lok Sabha
PC-0485,KAR-District-06-Seat-485,DIST-0321,ST-08,Hon. MP Bahadurjit Patla,Lok Sabha
PC-0486,KAR-District-07-Seat-486,DIST-0322,ST-08,Hon. MP Karan Chana,Lok Sabha
PC-0487,KAR-District-07-Seat-487,DIST-0322,ST-08,Hon. MP Chakrika Narain,Lok Sabha
PC-0488,KAR-District-08-Seat-488,DIST-0323,ST-08,Hon. MP Ojasvi Gill,Lok Sabha
PC-0489,KAR-District-08-Seat-489,DIST-0323,ST-08,Hon. MP Sai Deo,Lok Sabha
PC-0490,KAR-District-09-Seat-490,DIST-0324,ST-08,Hon. MP Jasmit Wali,Lok Sabha
PC-0491,KAR-District-09-Seat-491,DIST-0324,ST-08,Hon. MP Yachana Mahajan,Lok Sabha
PC-0492,KAR-District-10-Seat-492,DIST-0325,ST-08,Hon. MP Nitesh Kurian,Lok Sabha
PC-0493,KAR-District-11-Seat-493,DIST-0326,ST-08,Hon. MP Vasatika Merchant,Lok Sabha
PC-0494,KAR-District-12-Seat-494,DIST-0327,ST-08,Hon. MP Hamsini Contractor,Lok Sabha
PC-0495,KAR-District-13-Seat-495,DIST-0328,ST-08,Hon. MP Upadhriti Borra,Lok Sabha
PC-0496,KAR-District-13-Seat-496,DIST-0328,ST-08,Hon. MP Lohit Kara,Lok Sabha
PC-0497,KAR-District-14-Seat-497,DIST-0329,ST-08,Hon. MP Mekhala Pau,Lok Sabha
PC-0498,KAR-District-15-Seat-498,DIST-0330,ST-08,Hon. MP Gautam Rana,Lok Sabha
PC-0499,KAR-District-15-Seat-499,DIST-0330,ST-08,Hon. MP Akshay Lalla,Lok Sabha
PC-0500,KAR-District-16-Seat-500,DIST-0331,ST-08,Hon. MP Jatin Sha,Lok Sabha
PC-0501,KAR-District-17-Seat-501,DIST-0332,ST-08,Hon. MP Jyoti Lala,Rajya Sabha
PC-0502,KAR-District-18-Seat-502,DIST-0333,ST-08,Hon. MP Lakshmi Prabhu,Lok Sabha
PC-0503,KAR-District-19-Seat-503,DIST-0334,ST-08,Hon. MP Hritik Kaur,Lok Sabha
PC-0504,KAR-District-20-Seat-504,DIST-0335,ST-08,Hon. MP Urishilla Bakshi,Lok Sabha
PC-0505,KAR-District-21-Seat-505,DIST-0336,ST-08,Hon. MP Falak Kant,Lok Sabha
PC-0506,KAR-District-21-Seat-506,DIST-0336,ST-08,Hon. MP Dev Shetty,Lok Sabha
PC-0507,KAR-District-22-Seat-507,DIST-0337,ST-08,Hon. MP Chasmum Rege,Lok Sabha
PC-0508,KAR-District-23-Seat-508,DIST-0338,ST-08,Hon. MP Jackson Dey,Rajya Sabha
PC-0509,KAR-District-23-Seat-509,DIST-0338,ST-08,Hon. MP Chakradev Barad,Rajya Sabha
PC-0510,KAR-District-24-Seat-510,DIST-0339,ST-08,Hon. MP Daksha Tailor,Lok Sabha
PC-0511,KAR-District-25-Seat-511,DIST-0340,ST-08,Hon. MP Jack Chatterjee,Lok Sabha
PC-0512,KAR-District-25-Seat-512,DIST-0340,ST-08,Hon. MP Wahab Yogi,Lok Sabha
PC-0513,KAR-District-26-Seat-513,DIST-0341,ST-08,Hon. MP Krishna Rama,Lok Sabha
PC-0514,KAR-District-26-Seat-514,DIST-0341,ST-08,Hon. MP Sudiksha Prabhakar,Rajya Sabha
PC-0515,KAR-District-27-Seat-515,DIST-0342,ST-08,Hon. MP Oni Dubey,Lok Sabha
PC-0516,KAR-District-28-Seat-516,DIST-0343,ST-08,Hon. MP Oeshi Chaudhary,Lok Sabha
PC-0517,KAR-District-28-Seat-517,DIST-0343,ST-08,Hon. MP Vrishti Reddy,Lok Sabha
PC-0518,KAR-District-29-Seat-518,DIST-0344,ST-08,Hon. MP Ati Bali,Lok Sabha
PC-0519,KAR-District-30-Seat-519,DIST-0345,ST-08,Hon. MP Kamala Kalla,Lok Sabha
PC-0520,KAR-District-31-Seat-520,DIST-0346,ST-08,Hon. MP Sachi Saxena,Lok Sabha
PC-0521,KAR-District-31-Seat-521,DIST-0346,ST-08,Hon. MP Warinder Patil,Lok Sabha
PC-0522,GUJ-District-01-Seat-522,DIST-0347,ST-09,Hon. MP Hardik Pillai,Rajya Sabha
PC-0523,GUJ-District-02-Seat-523,DIST-0348,ST-09,Hon. MP Jagrati Bhat,Lok Sabha
PC-0524,GUJ-District-02-Seat-524,DIST-0348,ST-09,Hon. MP Mitali Majumdar,Rajya Sabha
PC-0525,GUJ-District-03-Seat-525,DIST-0349,ST-09,Hon. MP Ranveer Das,Lok Sabha
PC-0526,GUJ-District-03-Seat-526,DIST-0349,ST-09,Hon. MP Suhani Chand,Lok Sabha
PC-0527,GUJ-District-04-Seat-527,DIST-0350,ST-09,Hon. MP Simon Bail,Lok Sabha
PC-0528,GUJ-District-04-Seat-528,DIST-0350,ST-09,Hon. MP Chandresh Nath,Lok Sabha
PC-0529,GUJ-District-05-Seat-529,DIST-0351,ST-09,Hon. MP Yagnesh Dass,Lok Sabha
PC-0530,GUJ-District-06-Seat-530,DIST-0352,ST-09,Hon. MP Samesh Biswas,Lok Sabha
PC-0531,GUJ-District-06-Seat-531,DIST-0352,ST-09,Hon. MP Sarthak Kalita,Lok Sabha
PC-0532,GUJ-District-07-Seat-532,DIST-0353,ST-09,Hon. MP Viraj Narasimhan,Lok Sabha
PC-0533,GUJ-District-07-Seat-533,DIST-0353,ST-09,Hon. MP Manbir Agate,Rajya Sabha
PC-0534,GUJ-District-08-Seat-534,DIST-0354,ST-09,Hon. MP Aradhana Dhillon,Rajya Sabha
PC-0535,GUJ-District-09-Seat-535,DIST-0355,ST-09,Hon. MP Kalpit Zachariah,Lok Sabha
PC-0536,GUJ-District-09-Seat-536,DIST-0355,ST-09,Hon. MP Zashil Ghosh,Lok Sabha
PC-0537,GUJ-District-10-Seat-537,DIST-0356,ST-09,Hon. MP Imaran Bal,Lok Sabha
PC-0538,GUJ-District-10-Seat-538,DIST-0356,ST-09,Hon. MP Karan Aurora,Lok Sabha
PC-0539,GUJ-District-11-Seat-539,DIST-0357,ST-09,Hon. MP Ishita Khanna,Lok Sabha
PC-0540,GUJ-District-12-Seat-540,DIST-0358,ST-09,Hon. MP Ekiya Babu,Lok Sabha
PC-0541,GUJ-District-13-Seat-541,DIST-0359,ST-09,Hon. MP Owen Lanka,Lok Sabha
PC-0542,GUJ-District-14-Seat-542,DIST-0360,ST-09,Hon. MP Charles Date,Lok Sabha
PC-0543,GUJ-District-14-Seat-543,DIST-0360,ST-09,Hon. MP Oviya Vora,Lok Sabha
PC-0544,GUJ-District-15-Seat-544,DIST-0361,ST-09,Hon. MP Ishaan Bhatt,Lok Sabha
PC-0545,GUJ-District-16-Seat-545,DIST-0362,ST-09,Hon. MP Vamakshi Sen,Lok Sabha
PC-0546,GUJ-District-17-Seat-546,DIST-0363,ST-09,Hon. MP Janaki Varghese,Rajya Sabha
PC-0547,GUJ-District-17-Seat-547,DIST-0363,ST-09,Hon. MP Ikbal Seth,Rajya Sabha
PC-0548,GUJ-District-18-Seat-548,DIST-0364,ST-09,Hon. MP Yahvi Kant,Lok Sabha
PC-0549,GUJ-District-19-Seat-549,DIST-0365,ST-09,Hon. MP Caleb Verma,Lok Sabha
PC-0550,GUJ-District-20-Seat-550,DIST-0366,ST-09,Hon. MP Charvi Shanker,Rajya Sabha
PC-0551,GUJ-District-20-Seat-551,DIST-0366,ST-09,Hon. MP Azaan Bhat,Lok Sabha
PC-0552,GUJ-District-21-Seat-552,DIST-0367,ST-09,Hon. MP Varenya Ratti,Lok Sabha
PC-0553,GUJ-District-22-Seat-553,DIST-0368,ST-09,Hon. MP Pooja Chokshi,Lok Sabha
PC-0554,GUJ-District-23-Seat-554,DIST-0369,ST-09,Hon. MP Vritti Sawhney,Lok Sabha
PC-0555,GUJ-District-23-Seat-555,DIST-0369,ST-09,Hon. MP Ethan Buch,Lok Sabha
PC-0556,GUJ-District-24-Seat-556,DIST-0370,ST-09,Hon. MP Ekanta Divan,Lok Sabha
PC-0557,GUJ-District-25-Seat-557,DIST-0371,ST-09,Hon. MP Dominic Date,Lok Sabha
PC-0558,GUJ-District-25-Seat-558,DIST-0371,ST-09,Hon. MP Anvi Nair,Rajya Sabha
PC-0559,GUJ-District-26-Seat-559,DIST-0372,ST-09,Hon. MP Lakshmi Wali,Lok Sabha
PC-0560,GUJ-District-26-Seat-560,DIST-0372,ST-09,Hon. MP Chaitaly Setty,Lok Sabha
PC-0561,GUJ-District-27-Seat-561,DIST-0373,ST-09,Hon. MP Yashasvi Sani,Lok Sabha
PC-0562,GUJ-District-28-Seat-562,DIST-0374,ST-09,Hon. MP Hardik Contractor,Lok Sabha
PC-0563,GUJ-District-28-Seat-563,DIST-0374,ST-09,Hon. MP Tanveer Sani,Rajya Sabha
PC-0564,GUJ-District-29-Seat-564,DIST-0375,ST-09,Hon. MP Siya Kari,Rajya Sabha
PC-0565,GUJ-District-30-Seat-565,DIST-0376,ST-09,Hon. MP Odika Nori,Lok Sabha
PC-0566,GUJ-District-30-Seat-566,DIST-0376,ST-09,Hon. MP Sudiksha Rastogi,Lok Sabha
PC-0567,GUJ-District-31-Seat-567,DIST-0377,ST-09,Hon. MP Ojasvi Chandran,Rajya Sabha
PC-0568,GUJ-District-32-Seat-568,DIST-0378,ST-09,Hon. MP Dhriti Sane,Rajya Sabha
PC-0569,GUJ-District-32-Seat-569,DIST-0378,ST-09,Hon. MP Dhriti Kumer,Rajya Sabha
PC-0570,GUJ-District-33-Seat-570,DIST-0379,ST-09,Hon. MP Kavya Dua,Lok Sabha
PC-0571,GUJ-District-33-Seat-571,DIST-0379,ST-09,Hon. MP Urvi Bhavsar,Lok Sabha
PC-0572,AND-District-01-Seat-572,DIST-0380,ST-10,Hon. MP Gavin Chada,Lok Sabha
PC-0573,AND-District-01-Seat-573,DIST-0380,ST-10,Hon. MP Girik Sankaran,Rajya Sabha
PC-0574,AND-District-02-Seat-574,DIST-0381,ST-10,Hon. MP Gopal Pradhan,Lok Sabha
PC-0575,AND-District-02-Seat-575,DIST-0381,ST-10,Hon. MP Kalpit Bhasin,Lok Sabha
PC-0576,AND-District-03-Seat-576,DIST-0382,ST-10,Hon. MP Forum Das,Lok Sabha
PC-0577,AND-District-03-Seat-577,DIST-0382,ST-10,Hon. MP Nirja Pandya,Lok Sabha
PC-0578,AND-District-04-Seat-578,DIST-0383,ST-10,Hon. MP Pallavi Behl,Rajya Sabha
PC-0579,AND-District-04-Seat-579,DIST-0383,ST-10,Hon. MP Bhavna Muni,Lok Sabha
PC-0580,AND-District-05-Seat-580,DIST-0384,ST-10,Hon. MP Indira Chawla,Lok Sabha
PC-0581,AND-District-06-Seat-581,DIST-0385,ST-10,Hon. MP Yashica Kala,Lok Sabha
PC-0582,AND-District-07-Seat-582,DIST-0386,ST-10,Hon. MP Mohammed Subramaniam,Rajya Sabha
PC-0583,AND-District-08-Seat-583,DIST-0387,ST-10,Hon. MP Udarsh Chokshi,Lok Sabha
PC-0584,AND-District-08-Seat-584,DIST-0387,ST-10,Hon. MP Inaya Pillai,Lok Sabha
PC-0585,AND-District-09-Seat-585,DIST-0388,ST-10,Hon. MP Ishwar Mallick,Lok Sabha
PC-0586,AND-District-10-Seat-586,DIST-0389,ST-10,Hon. MP Upkaar Sanghvi,Lok Sabha
PC-0587,AND-District-11-Seat-587,DIST-0390,ST-10,Hon. MP Atharv Loke,Lok Sabha
PC-0588,AND-District-12-Seat-588,DIST-0391,ST-10,Hon. MP Ayush Gole,Lok Sabha
PC-0589,AND-District-12-Seat-589,DIST-0391,ST-10,Hon. MP Anjali More,Lok Sabha
PC-0590,AND-District-13-Seat-590,DIST-0392,ST-10,Hon. MP Harinakshi Panchal,Lok Sabha
PC-0591,AND-District-13-Seat-591,DIST-0392,ST-10,Hon. MP Abeer Golla,Lok Sabha
PC-0592,AND-District-14-Seat-592,DIST-0393,ST-10,Hon. MP Luke Rattan,Lok Sabha
PC-0593,AND-District-14-Seat-593,DIST-0393,ST-10,Hon. MP Ekaraj Dhar,Lok Sabha
PC-0594,AND-District-15-Seat-594,DIST-0394,ST-10,Hon. MP Azaan Chand,Rajya Sabha
PC-0595,AND-District-15-Seat-595,DIST-0394,ST-10,Hon. MP Tanveer Puri,Lok Sabha
PC-0596,AND-District-16-Seat-596,DIST-0395,ST-10,Hon. MP Oni Setty,Lok Sabha
PC-0597,AND-District-16-Seat-597,DIST-0395,ST-10,Hon. MP Harita Dugar,Rajya Sabha
PC-0598,AND-District-17-Seat-598,DIST-0396,ST-10,Hon. MP Kala Muni,Rajya Sabha
PC-0599,AND-District-17-Seat-599,DIST-0396,ST-10,Hon. MP Ekta Chad,Rajya Sabha
PC-0600,AND-District-18-Seat-600,DIST-0397,ST-10,Hon. MP Charles Dugal,Lok Sabha
PC-0601,AND-District-18-Seat-601,DIST-0397,ST-10,Hon. MP Nakul Bawa,Lok Sabha
PC-0602,AND-District-19-Seat-602,DIST-0398,ST-10,Hon. MP Finn Magar,Lok Sabha
PC-0603,AND-District-19-Seat-603,DIST-0398,ST-10,Hon. MP Saanvi Samra,Lok Sabha
PC-0604,AND-District-20-Seat-604,DIST-0399,ST-10,Hon. MP Vedika Sathe,Lok Sabha
PC-0605,AND-District-21-Seat-605,DIST-0400,ST-10,Hon. MP Oeshi Mahajan,Lok Sabha
PC-0606,AND-District-21-Seat-606,DIST-0400,ST-10,Hon. MP Tanveer Vala,Rajya Sabha
PC-0607,AND-District-22-Seat-607,DIST-0401,ST-10,Hon. MP Ishaan Pai,Rajya Sabha
PC-0608,AND-District-22-Seat-608,DIST-0401,ST-10,Hon. MP Qushi Choudhry,Lok Sabha
PC-0609,AND-District-23-Seat-609,DIST-0402,ST-10,Hon. MP Bhanumati Sur,Lok Sabha
PC-0610,AND-District-23-Seat-610,DIST-0402,ST-10,Hon. MP Darika Bath,Rajya Sabha
PC-0611,AND-District-24-Seat-611,DIST-0403,ST-10,Hon. MP Thomas Rana,Lok Sabha
PC-0612,AND-District-25-Seat-612,DIST-0404,ST-10,Hon. MP Christopher Amble,Lok Sabha
PC-0613,AND-District-25-Seat-613,DIST-0404,ST-10,Hon. MP Samarth Mitra,Lok Sabha
PC-0614,AND-District-26-Seat-614,DIST-0405,ST-10,Hon. MP Siddharth Devan,Lok Sabha
PC-0615,ODI-District-01-Seat-615,DIST-0406,ST-11,Hon. MP Aadhya Mann,Lok Sabha
PC-0616,ODI-District-01-Seat-616,DIST-0406,ST-11,Hon. MP Falak Dar,Rajya Sabha
PC-0617,ODI-District-02-Seat-617,DIST-0407,ST-11,Hon. MP Abhimanyu Tank,Lok Sabha
PC-0618,ODI-District-03-Seat-618,DIST-0408,ST-11,Hon. MP Qushi Gill,Lok Sabha
PC-0619,ODI-District-03-Seat-619,DIST-0408,ST-11,Hon. MP Kai Rai,Lok Sabha
PC-0620,ODI-District-04-Seat-620,DIST-0409,ST-11,Hon. MP Victor Tella,Rajya Sabha
PC-0621,ODI-District-04-Seat-621,DIST-0409,ST-11,Hon. MP Irya Bora,Rajya Sabha
PC-0622,ODI-District-05-Seat-622,DIST-0410,ST-11,Hon. MP Mekhala Basak,Lok Sabha
PC-0623,ODI-District-05-Seat-623,DIST-0410,ST-11,Hon. MP Rajata Bahl,Rajya Sabha
PC-0624,ODI-District-06-Seat-624,DIST-0411,ST-11,Hon. MP Tripti Brahmbhatt,Lok Sabha
PC-0625,ODI-District-06-Seat-625,DIST-0411,ST-11,Hon. MP Dhriti Sanghvi,Lok Sabha
PC-0626,ODI-District-07-Seat-626,DIST-0412,ST-11,Hon. MP Nidhi Sahni,Lok Sabha
PC-0627,ODI-District-07-Seat-627,DIST-0412,ST-11,Hon. MP Bimala Contractor,Lok Sabha
PC-0628,ODI-District-08-Seat-628,DIST-0413,ST-11,Hon. MP Nidhi Bail,Lok Sabha
PC-0629,ODI-District-09-Seat-629,DIST-0414,ST-11,Hon. MP Ekta Garg,Lok Sabha
PC-0630,ODI-District-09-Seat-630,DIST-0414,ST-11,Hon. MP Triveni Pathak,Lok Sabha
PC-0631,ODI-District-10-Seat-631,DIST-0415,ST-11,Hon. MP Gaurang Sarkar,Lok Sabha
PC-0632,ODI-District-10-Seat-632,DIST-0415,ST-11,Hon. MP Hitesh Kohli,Lok Sabha
PC-0633,ODI-District-11-Seat-633,DIST-0416,ST-11,Hon. MP Rajata Rattan,Lok Sabha
PC-0634,ODI-District-12-Seat-634,DIST-0417,ST-11,Hon. MP Farhan Randhawa,Rajya Sabha
PC-0635,ODI-District-12-Seat-635,DIST-0417,ST-11,Hon. MP Dayita Nori,Lok Sabha
PC-0636,ODI-District-13-Seat-636,DIST-0418,ST-11,Hon. MP Timothy Nath,Lok Sabha
PC-0637,ODI-District-14-Seat-637,DIST-0419,ST-11,Hon. MP Om Bose,Lok Sabha
PC-0638,ODI-District-14-Seat-638,DIST-0419,ST-11,Hon. MP Yashvi Comar,Lok Sabha
PC-0639,ODI-District-15-Seat-639,DIST-0420,ST-11,Hon. MP Yashvi Hari,Rajya Sabha
PC-0640,ODI-District-16-Seat-640,DIST-0421,ST-11,Hon. MP Ikshita Panchal,Lok Sabha
PC-0641,ODI-District-16-Seat-641,DIST-0421,ST-11,Hon. MP Manbir Keer,Rajya Sabha
PC-0642,ODI-District-17-Seat-642,DIST-0422,ST-11,Hon. MP Harshil Dhingra,Lok Sabha
PC-0643,ODI-District-17-Seat-643,DIST-0422,ST-11,Hon. MP Aahana Hora,Rajya Sabha
PC-0644,ODI-District-18-Seat-644,DIST-0423,ST-11,Hon. MP Oscar Dua,Lok Sabha
PC-0645,ODI-District-19-Seat-645,DIST-0424,ST-11,Hon. MP Faqid Goel,Lok Sabha
PC-0646,ODI-District-19-Seat-646,DIST-0424,ST-11,Hon. MP Wakeeta Shetty,Lok Sabha
PC-0647,ODI-District-20-Seat-647,DIST-0425,ST-11,Hon. MP Saumya Naidu,Lok Sabha
PC-0648,ODI-District-21-Seat-648,DIST-0426,ST-11,Hon. MP Diya Dora,Rajya Sabha
PC-0649,ODI-District-22-Seat-649,DIST-0427,ST-11,Hon. MP Ria Bir,Lok Sabha
PC-0650,ODI-District-23-Seat-650,DIST-0428,ST-11,Hon. MP Upasna Sathe,Lok Sabha
PC-0651,ODI-District-23-Seat-651,DIST-0428,ST-11,Hon. MP Chavvi Maharaj,Lok Sabha
PC-0652,ODI-District-24-Seat-652,DIST-0429,ST-11,Hon. MP Daksh Pandey,Lok Sabha
PC-0653,ODI-District-24-Seat-653,DIST-0429,ST-11,Hon. MP Yashica Borah,Lok Sabha
PC-0654,ODI-District-25-Seat-654,DIST-0430,ST-11,Hon. MP Dayita Shenoy,Lok Sabha
PC-0655,ODI-District-26-Seat-655,DIST-0431,ST-11,Hon. MP Siya Barad,Lok Sabha
PC-0656,ODI-District-27-Seat-656,DIST-0432,ST-11,Hon. MP Dakshesh Pillay,Lok Sabha
PC-0657,ODI-District-28-Seat-657,DIST-0433,ST-11,Hon. MP Bhavini Bose,Rajya Sabha
PC-0658,ODI-District-28-Seat-658,DIST-0433,ST-11,Hon. MP Gautam Tripathi,Lok Sabha
PC-0659,ODI-District-29-Seat-659,DIST-0434,ST-11,Hon. MP Leena Shere,Lok Sabha
PC-0660,ODI-District-29-Seat-660,DIST-0434,ST-11,Hon. MP Benjamin Sengupta,Lok Sabha
PC-0661,ODI-District-30-Seat-661,DIST-0435,ST-11,Hon. MP Raghav Nagy,Lok Sabha
PC-0662,TEL-District-01-Seat-662,DIST-0436,ST-12,Hon. MP Vamakshi Thaker,Lok Sabha
PC-0663,TEL-District-01-Seat-663,DIST-0436,ST-12,Hon. MP Matthew Bhatia,Lok Sabha
PC-0664,TEL-District-02-Seat-664,DIST-0437,ST-12,Hon. MP Shravya Chauhan,Lok Sabha
PC-0665,TEL-District-02-Seat-665,DIST-0437,ST-12,Hon. MP Hemal Chad,Lok Sabha
PC-0666,TEL-District-03-Seat-666,DIST-0438,ST-12,Hon. MP Yamini Gera,Lok Sabha
PC-0667,TEL-District-04-Seat-667,DIST-0439,ST-12,Hon. MP Balveer Kota,Lok Sabha
PC-0668,TEL-District-05-Seat-668,DIST-0440,ST-12,Hon. MP Raksha Sarna,Lok Sabha
PC-0669,TEL-District-06-Seat-669,DIST-0441,ST-12,Hon. MP Nathan Patla,Lok Sabha
PC-0670,TEL-District-07-Seat-670,DIST-0442,ST-12,Hon. MP Kashish Mandal,Rajya Sabha
PC-0671,TEL-District-07-Seat-671,DIST-0442,ST-12,Hon. MP Lila Rege,Lok Sabha
PC-0672,TEL-District-08-Seat-672,DIST-0443,ST-12,Hon. MP Hamsini Ben,Lok Sabha
PC-0673,TEL-District-08-Seat-673,DIST-0443,ST-12,Hon. MP Gaurika Bhatti,Lok Sabha
PC-0674,TEL-District-09-Seat-674,DIST-0444,ST-12,Hon. MP Forum Chandra,Rajya Sabha
PC-0675,TEL-District-09-Seat-675,DIST-0444,ST-12,Hon. MP Libni Mander,Rajya Sabha
PC-0676,TEL-District-10-Seat-676,DIST-0445,ST-12,Hon. MP Zayyan Doctor,Lok Sabha
PC-0677,TEL-District-10-Seat-677,DIST-0445,ST-12,Hon. MP Gauri Bumb,Lok Sabha
PC-0678,TEL-District-11-Seat-678,DIST-0446,ST-12,Hon. MP Lohit Palla,Lok Sabha
PC-0679,TEL-District-12-Seat-679,DIST-0447,ST-12,Hon. MP Dayita Ramanathan,Lok Sabha
PC-0680,TEL-District-13-Seat-680,DIST-0448,ST-12,Hon. MP Kai Chad,Lok Sabha
PC-0681,TEL-District-14-Seat-681,DIST-0449,ST-12,Hon. MP Dayita Puri,Lok Sabha
PC-0682,TEL-District-14-Seat-682,DIST-0449,ST-12,Hon. MP Falguni Datta,Lok Sabha
PC-0683,TEL-District-15-Seat-683,DIST-0450,ST-12,Hon. MP Girik Sampath,Lok Sabha
PC-0684,TEL-District-15-Seat-684,DIST-0450,ST-12,Hon. MP Yashoda Pathak,Lok Sabha
PC-0685,TEL-District-16-Seat-685,DIST-0451,ST-12,Hon. MP Andrew Patil,Rajya Sabha
PC-0686,TEL-District-16-Seat-686,DIST-0451,ST-12,Hon. MP Dayamai Gole,Rajya Sabha
PC-0687,TEL-District-17-Seat-687,DIST-0452,ST-12,Hon. MP Tanish Om,Lok Sabha
PC-0688,TEL-District-17-Seat-688,DIST-0452,ST-12,Hon. MP Vedika Handa,Rajya Sabha
PC-0689,TEL-District-18-Seat-689,DIST-0453,ST-12,Hon. MP Upkaar Devan,Rajya Sabha
PC-0690,TEL-District-19-Seat-690,DIST-0454,ST-12,Hon. MP Mohammed Brahmbhatt,Rajya Sabha
PC-0691,TEL-District-19-Seat-691,DIST-0454,ST-12,Hon. MP Chakrika Chaudhuri,Rajya Sabha
PC-0692,TEL-District-20-Seat-692,DIST-0455,ST-12,Hon. MP Yashica Zacharia,Lok Sabha
PC-0693,TEL-District-20-Seat-693,DIST-0455,ST-12,Hon. MP Baljiwan Nayar,Lok Sabha
PC-0694,TEL-District-21-Seat-694,DIST-0456,ST-12,Hon. MP Karan Puri,Lok Sabha
PC-0695,TEL-District-21-Seat-695,DIST-0456,ST-12,Hon. MP Mitesh Gaba,Lok Sabha
PC-0696,TEL-District-22-Seat-696,DIST-0457,ST-12,Hon. MP Pratyush Gandhi,Lok Sabha
PC-0697,TEL-District-23-Seat-697,DIST-0458,ST-12,Hon. MP Raksha Bassi,Lok Sabha
PC-0698,TEL-District-24-Seat-698,DIST-0459,ST-12,Hon. MP Nirja Patla,Rajya Sabha
PC-0699,TEL-District-24-Seat-699,DIST-0459,ST-12,Hon. MP Wazir Sawhney,Lok Sabha
PC-0700,TEL-District-25-Seat-700,DIST-0460,ST-12,Hon. MP Bhavani Sen,Lok Sabha
PC-0701,TEL-District-26-Seat-701,DIST-0461,ST-12,Hon. MP Vivaan Walla,Lok Sabha
PC-0702,TEL-District-26-Seat-702,DIST-0461,ST-12,Hon. MP William More,Lok Sabha
PC-0703,TEL-District-27-Seat-703,DIST-0462,ST-12,Hon. MP Upasna Hari,Lok Sabha
PC-0704,TEL-District-28-Seat-704,DIST-0463,ST-12,Hon. MP Jhalak Sastry,Lok Sabha
PC-0705,TEL-District-29-Seat-705,DIST-0464,ST-12,Hon. MP Triya Manda,Lok Sabha
PC-0706,TEL-District-29-Seat-706,DIST-0464,ST-12,Hon. MP Lavanya Thakkar,Rajya Sabha
PC-0707,TEL-District-30-Seat-707,DIST-0465,ST-12,Hon. MP Omya Edwin,Rajya Sabha
PC-0708,TEL-District-31-Seat-708,DIST-0466,ST-12,Hon. MP Ryan Devi,Lok Sabha
PC-0709,TEL-District-32-Seat-709,DIST-0467,ST-12,Hon. MP Zashil Ben,Rajya Sabha
PC-0710,TEL-District-32-Seat-710,DIST-0467,ST-12,Hon. MP Vasana Prabhu,Lok Sabha
PC-0711,TEL-District-33-Seat-711,DIST-0468,ST-12,Hon. MP Harshil Varty,Lok Sabha
PC-0712,KER-District-01-Seat-712,DIST-0469,ST-13,Hon. MP Jeet Mane,Rajya Sabha
PC-0713,KER-District-01-Seat-713,DIST-0469,ST-13,Hon. MP Fiyaz Dyal,Lok Sabha
PC-0714,KER-District-02-Seat-714,DIST-0470,ST-13,Hon. MP Anjali Sengupta,Rajya Sabha
PC-0715,KER-District-03-Seat-715,DIST-0471,ST-13,Hon. MP Yochana Din,Lok Sabha
PC-0716,KER-District-04-Seat-716,DIST-0472,ST-13,Hon. MP Rajeshri Chand,Lok Sabha
PC-0717,KER-District-05-Seat-717,DIST-0473,ST-13,Hon. MP Tristan Seshadri,Lok Sabha
PC-0718,KER-District-06-Seat-718,DIST-0474,ST-13,Hon. MP Ikshita Bala,Lok Sabha
PC-0719,KER-District-07-Seat-719,DIST-0475,ST-13,Hon. MP Oeshi Bera,Lok Sabha
PC-0720,KER-District-07-Seat-720,DIST-0475,ST-13,Hon. MP Meghana Thakkar,Rajya Sabha
PC-0721,KER-District-08-Seat-721,DIST-0476,ST-13,Hon. MP Kashvi Keer,Lok Sabha
PC-0722,KER-District-08-Seat-722,DIST-0476,ST-13,Hon. MP Libni Bumb,Lok Sabha
PC-0723,KER-District-09-Seat-723,DIST-0477,ST-13,Hon. MP Kavya Kapur,Lok Sabha
PC-0724,KER-District-09-Seat-724,DIST-0477,ST-13,Hon. MP Ayaan Nagar,Rajya Sabha
PC-0725,KER-District-10-Seat-725,DIST-0478,ST-13,Hon. MP Hardik Nayak,Rajya Sabha
PC-0726,KER-District-11-Seat-726,DIST-0479,ST-13,Hon. MP Madhav Devan,Lok Sabha
PC-0727,KER-District-11-Seat-727,DIST-0479,ST-13,Hon. MP Balvan Mangat,Lok Sabha
PC-0728,KER-District-12-Seat-728,DIST-0480,ST-13,Hon. MP Urmi Dewan,Rajya Sabha
PC-0729,KER-District-13-Seat-729,DIST-0481,ST-13,Hon. MP Upasna Sen,Rajya Sabha
PC-0730,KER-District-13-Seat-730,DIST-0481,ST-13,Hon. MP Abdul Buch,Rajya Sabha
PC-0731,KER-District-14-Seat-731,DIST-0482,ST-13,Hon. MP Anirudh Kunda,Lok Sabha
PC-0732,KER-District-14-Seat-732,DIST-0482,ST-13,Hon. MP Tanveer Doctor,Lok Sabha
PC-0733,JHA-District-01-Seat-733,DIST-0483,ST-14,Hon. MP Pallavi Choudhry,Rajya Sabha
PC-0734,JHA-District-02-Seat-734,DIST-0484,ST-14,Hon. MP Bhavya Khanna,Rajya Sabha
PC-0735,JHA-District-02-Seat-735,DIST-0484,ST-14,Hon. MP Charvi Dara,Lok Sabha
PC-0736,JHA-District-03-Seat-736,DIST-0485,ST-14,Hon. MP Champak Khare,Lok Sabha
PC-0737,JHA-District-04-Seat-737,DIST-0486,ST-14,Hon. MP Oni Shankar,Rajya Sabha
PC-0738,JHA-District-05-Seat-738,DIST-0487,ST-14,Hon. MP Dev Choudhry,Lok Sabha
PC-0739,JHA-District-05-Seat-739,DIST-0487,ST-14,Hon. MP Xalak Wason,Lok Sabha
PC-0740,JHA-District-06-Seat-740,DIST-0488,ST-14,Hon. MP Amol Varma,Lok Sabha
PC-0741,JHA-District-06-Seat-741,DIST-0488,ST-14,Hon. MP Wyatt Dhawan,Rajya Sabha
PC-0742,JHA-District-07-Seat-742,DIST-0489,ST-14,Hon. MP Bishakha Sanghvi,Lok Sabha
PC-0743,JHA-District-07-Seat-743,DIST-0489,ST-14,Hon. MP Aarav Pandit,Lok Sabha
PC-0744,JHA-District-08-Seat-744,DIST-0490,ST-14,Hon. MP Wridesh Saha,Lok Sabha
PC-0745,JHA-District-08-Seat-745,DIST-0490,ST-14,Hon. MP Rachit Chada,Lok Sabha
PC-0746,JHA-District-09-Seat-746,DIST-0491,ST-14,Hon. MP Jalsa Bir,Lok Sabha
PC-0747,JHA-District-09-Seat-747,DIST-0491,ST-14,Hon. MP Yashica Tripathi,Lok Sabha
PC-0748,JHA-District-10-Seat-748,DIST-0492,ST-14,Hon. MP Anmol Ramakrishnan,Lok Sabha
PC-0749,JHA-District-11-Seat-749,DIST-0493,ST-14,Hon. MP Upma Bassi,Lok Sabha
PC-0750,JHA-District-12-Seat-750,DIST-0494,ST-14,Hon. MP Lila Prakash,Lok Sabha
PC-0751,JHA-District-13-Seat-751,DIST-0495,ST-14,Hon. MP Zehaan Babu,Lok Sabha
PC-0752,JHA-District-13-Seat-752,DIST-0495,ST-14,Hon. MP Ishanvi Bir,Lok Sabha
PC-0753,JHA-District-14-Seat-753,DIST-0496,ST-14,Hon. MP Hemani Khosla,Lok Sabha
PC-0754,JHA-District-15-Seat-754,DIST-0497,ST-14,Hon. MP Hemang Natarajan,Lok Sabha
PC-0755,JHA-District-16-Seat-755,DIST-0498,ST-14,Hon. MP Kiaan Basu,Lok Sabha
PC-0756,JHA-District-17-Seat-756,DIST-0499,ST-14,Hon. MP Indira Nigam,Lok Sabha
PC-0757,JHA-District-17-Seat-757,DIST-0499,ST-14,Hon. MP Parth Shetty,Lok Sabha
PC-0758,JHA-District-18-Seat-758,DIST-0500,ST-14,Hon. MP Varenya Gopal,Lok Sabha
PC-0759,JHA-District-18-Seat-759,DIST-0500,ST-14,Hon. MP Krishna Bhatnagar,Lok Sabha
PC-0760,JHA-District-19-Seat-760,DIST-0501,ST-14,Hon. MP Tanvi Bansal,Lok Sabha
PC-0761,JHA-District-20-Seat-761,DIST-0502,ST-14,Hon. MP Chaaya Jaggi,Rajya Sabha
PC-0762,JHA-District-20-Seat-762,DIST-0502,ST-14,Hon. MP Caleb Iyengar,Lok Sabha
PC-0763,JHA-District-21-Seat-763,DIST-0503,ST-14,Hon. MP Benjamin Mutti,Rajya Sabha
PC-0764,JHA-District-22-Seat-764,DIST-0504,ST-14,Hon. MP Dayita Varma,Lok Sabha
PC-0765,JHA-District-23-Seat-765,DIST-0505,ST-14,Hon. MP Mitali Solanki,Lok Sabha
PC-0766,JHA-District-23-Seat-766,DIST-0505,ST-14,Hon. MP Zehaan Bansal,Lok Sabha
PC-0767,JHA-District-24-Seat-767,DIST-0506,ST-14,Hon. MP Rayaan Mangal,Lok Sabha
PC-0768,ASS-District-01-Seat-768,DIST-0507,ST-15,Hon. MP Ishanvi Batta,Lok Sabha
PC-0769,ASS-District-01-Seat-769,DIST-0507,ST-15,Hon. MP Garima Mahajan,Rajya Sabha
PC-0770,ASS-District-02-Seat-770,DIST-0508,ST-15,Hon. MP Jeet Pillai,Lok Sabha
PC-0771,ASS-District-03-Seat-771,DIST-0509,ST-15,Hon. MP Rajeshri Ratta,Lok Sabha
PC-0772,ASS-District-04-Seat-772,DIST-0510,ST-15,Hon. MP Ria Raju,Lok Sabha
PC-0773,ASS-District-05-Seat-773,DIST-0511,ST-15,Hon. MP Harinakshi Grover,Rajya Sabha
PC-0774,ASS-District-05-Seat-774,DIST-0511,ST-15,Hon. MP Watika Tank,Lok Sabha
PC-0775,ASS-District-06-Seat-775,DIST-0512,ST-15,Hon. MP Jhalak Venkataraman,Rajya Sabha
PC-0776,ASS-District-07-Seat-776,DIST-0513,ST-15,Hon. MP Amara Butala,Lok Sabha
PC-0777,ASS-District-08-Seat-777,DIST-0514,ST-15,Hon. MP Panini Brar,Lok Sabha
PC-0778,ASS-District-08-Seat-778,DIST-0514,ST-15,Hon. MP Qushi Gole,Lok Sabha
PC-0779,ASS-District-09-Seat-779,DIST-0515,ST-15,Hon. MP Chaaya Nagi,Lok Sabha
PC-0780,ASS-District-09-Seat-780,DIST-0515,ST-15,Hon. MP Harshil Buch,Lok Sabha
PC-0781,ASS-District-10-Seat-781,DIST-0516,ST-15,Hon. MP Falak Merchant,Lok Sabha
PC-0782,ASS-District-10-Seat-782,DIST-0516,ST-15,Hon. MP Damini Sehgal,Lok Sabha
PC-0783,ASS-District-11-Seat-783,DIST-0517,ST-15,Hon. MP Pooja Ganesan,Lok Sabha
PC-0784,ASS-District-12-Seat-784,DIST-0518,ST-15,Hon. MP Sachi Panchal,Lok Sabha
PC-0785,ASS-District-13-Seat-785,DIST-0519,ST-15,Hon. MP Sanya Basak,Lok Sabha
PC-0786,ASS-District-13-Seat-786,DIST-0519,ST-15,Hon. MP Ira Saran,Lok Sabha
PC-0787,ASS-District-14-Seat-787,DIST-0520,ST-15,Hon. MP Anvi Bhandari,Lok Sabha
PC-0788,ASS-District-15-Seat-788,DIST-0521,ST-15,Hon. MP Falan Ravi,Lok Sabha
PC-0789,ASS-District-15-Seat-789,DIST-0521,ST-15,Hon. MP Januja Varghese,Lok Sabha
PC-0790,ASS-District-16-Seat-790,DIST-0522,ST-15,Hon. MP Nathaniel Balasubramanian,Lok Sabha
PC-0791,ASS-District-17-Seat-791,DIST-0523,ST-15,Hon. MP Luke Sarma,Rajya Sabha
PC-0792,ASS-District-17-Seat-792,DIST-0523,ST-15,Hon. MP Bakhshi Date,Lok Sabha
PC-0793,ASS-District-18-Seat-793,DIST-0524,ST-15,Hon. MP Ekalinga Keer,Rajya Sabha
PC-0794,ASS-District-19-Seat-794,DIST-0525,ST-15,Hon. MP Jeevika Pathak,Rajya Sabha
PC-0795,ASS-District-19-Seat-795,DIST-0525,ST-15,Hon. MP Leela Bali,Rajya Sabha
PC-0796,ASS-District-20-Seat-796,DIST-0526,ST-15,Hon. MP Mitesh Sengupta,Rajya Sabha
PC-0797,ASS-District-21-Seat-797,DIST-0527,ST-15,Hon. MP Kamala Prabhu,Rajya Sabha
PC-0798,ASS-District-22-Seat-798,DIST-0528,ST-15,Hon. MP Sachi Bose,Rajya Sabha
PC-0799,ASS-District-23-Seat-799,DIST-0529,ST-15,Hon. MP Laksh Wagle,Lok Sabha
PC-0800,ASS-District-23-Seat-800,DIST-0529,ST-15,Hon. MP Jeevika Rao,Lok Sabha
PC-0801,ASS-District-24-Seat-801,DIST-0530,ST-15,Hon. MP Dipta Mallick,Lok Sabha
PC-0802,ASS-District-24-Seat-802,DIST-0530,ST-15,Hon. MP Zaid Comar,Lok Sabha
PC-0803,ASS-District-25-Seat-803,DIST-0531,ST-15,Hon. MP Atharv Grewal,Lok Sabha
PC-0804,ASS-District-26-Seat-804,DIST-0532,ST-15,Hon. MP Xalak Vasa,Lok Sabha
PC-0805,ASS-District-26-Seat-805,DIST-0532,ST-15,Hon. MP Lila Dalal,Lok Sabha
PC-0806,ASS-District-27-Seat-806,DIST-0533,ST-15,Hon. MP Adweta Lad,Lok Sabha
PC-0807,ASS-District-27-Seat-807,DIST-0533,ST-15,Hon. MP Sanaya Kala,Lok Sabha
PC-0808,ASS-District-28-Seat-808,DIST-0534,ST-15,Hon. MP Bhavika Swaminathan,Lok Sabha
PC-0809,ASS-District-28-Seat-809,DIST-0534,ST-15,Hon. MP Ryan Das,Rajya Sabha
PC-0810,ASS-District-29-Seat-810,DIST-0535,ST-15,Hon. MP Krishna Borah,Lok Sabha
PC-0811,ASS-District-30-Seat-811,DIST-0536,ST-15,Hon. MP Siya Gera,Rajya Sabha
PC-0812,ASS-District-30-Seat-812,DIST-0536,ST-15,Hon. MP Sai Chahal,Rajya Sabha
PC-0813,ASS-District-31-Seat-813,DIST-0537,ST-15,Hon. MP Ekaja Palan,Lok Sabha
PC-0814,ASS-District-32-Seat-814,DIST-0538,ST-15,Hon. MP Dhruv Mannan,Lok Sabha
PC-0815,ASS-District-32-Seat-815,DIST-0538,ST-15,Hon. MP Charita Dugar,Lok Sabha
PC-0816,ASS-District-33-Seat-816,DIST-0539,ST-15,Hon. MP Owen Pathak,Lok Sabha
PC-0817,ASS-District-33-Seat-817,DIST-0539,ST-15,Hon. MP Yashoda Kapur,Rajya Sabha
PC-0818,ASS-District-34-Seat-818,DIST-0540,ST-15,Hon. MP Jairaj Iyer,Lok Sabha
PC-0819,ASS-District-34-Seat-819,DIST-0540,ST-15,Hon. MP Liam Khalsa,Lok Sabha
PC-0820,ASS-District-35-Seat-820,DIST-0541,ST-15,Hon. MP Wakeeta Bal,Lok Sabha
PC-0821,PUN-District-01-Seat-821,DIST-0542,ST-16,Hon. MP Jalsa Pillay,Lok Sabha
PC-0822,PUN-District-01-Seat-822,DIST-0542,ST-16,Hon. MP Unni Dayal,Lok Sabha
PC-0823,PUN-District-02-Seat-823,DIST-0543,ST-16,Hon. MP Gabriel Bhatti,Lok Sabha
PC-0824,PUN-District-03-Seat-824,DIST-0544,ST-16,Hon. MP Dayamai Rao,Lok Sabha
PC-0825,PUN-District-03-Seat-825,DIST-0544,ST-16,Hon. MP Varenya Vora,Rajya Sabha
PC-0826,PUN-District-04-Seat-826,DIST-0545,ST-16,Hon. MP Nirja Rout,Rajya Sabha
PC-0827,PUN-District-04-Seat-827,DIST-0545,ST-16,Hon. MP Ethan Dass,Rajya Sabha
PC-0828,PUN-District-05-Seat-828,DIST-0546,ST-16,Hon. MP Edhitha Borah,Lok Sabha
PC-0829,PUN-District-06-Seat-829,DIST-0547,ST-16,Hon. MP Shivani Shukla,Lok Sabha
PC-0830,PUN-District-07-Seat-830,DIST-0548,ST-16,Hon. MP Zansi Padmanabhan,Lok Sabha
PC-0831,PUN-District-07-Seat-831,DIST-0548,ST-16,Hon. MP Kabir Gopal,Lok Sabha
PC-0832,PUN-District-08-Seat-832,DIST-0549,ST-16,Hon. MP Kai Sant,Rajya Sabha
PC-0833,PUN-District-09-Seat-833,DIST-0550,ST-16,Hon. MP Yadavi Bhakta,Lok Sabha
PC-0834,PUN-District-10-Seat-834,DIST-0551,ST-16,Hon. MP Jeet Vasa,Lok Sabha
PC-0835,PUN-District-11-Seat-835,DIST-0552,ST-16,Hon. MP Michael Modi,Lok Sabha
PC-0836,PUN-District-12-Seat-836,DIST-0553,ST-16,Hon. MP Nitesh Edwin,Lok Sabha
PC-0837,PUN-District-12-Seat-837,DIST-0553,ST-16,Hon. MP Ekantika Kar,Lok Sabha
PC-0838,PUN-District-13-Seat-838,DIST-0554,ST-16,Hon. MP Hiral Venkataraman,Lok Sabha
PC-0839,PUN-District-13-Seat-839,DIST-0554,ST-16,Hon. MP Bhanumati Brar,Rajya Sabha
PC-0840,PUN-District-14-Seat-840,DIST-0555,ST-16,Hon. MP Zashil Hegde,Lok Sabha
PC-0841,PUN-District-14-Seat-841,DIST-0555,ST-16,Hon. MP Anvi Dass,Lok Sabha
PC-0842,PUN-District-15-Seat-842,DIST-0556,ST-16,Hon. MP Chavvi Walla,Lok Sabha
PC-0843,PUN-District-15-Seat-843,DIST-0556,ST-16,Hon. MP Girik Thakkar,Rajya Sabha
PC-0844,PUN-District-16-Seat-844,DIST-0557,ST-16,Hon. MP Om Dube,Lok Sabha
PC-0845,PUN-District-17-Seat-845,DIST-0558,ST-16,Hon. MP Onveer Nazareth,Lok Sabha
PC-0846,PUN-District-18-Seat-846,DIST-0559,ST-16,Hon. MP Benjamin Balakrishnan,Rajya Sabha
PC-0847,PUN-District-18-Seat-847,DIST-0559,ST-16,Hon. MP Finn Bath,Lok Sabha
PC-0848,PUN-District-19-Seat-848,DIST-0560,ST-16,Hon. MP Alka Kade,Rajya Sabha
PC-0849,PUN-District-19-Seat-849,DIST-0560,ST-16,Hon. MP Omaja Balasubramanian,Rajya Sabha
PC-0850,PUN-District-20-Seat-850,DIST-0561,ST-16,Hon. MP Widisha Mann,Lok Sabha
PC-0851,PUN-District-21-Seat-851,DIST-0562,ST-16,Hon. MP Chasmum Subramanian,Lok Sabha
PC-0852,PUN-District-21-Seat-852,DIST-0562,ST-16,Hon. MP Yash Ravi,Rajya Sabha
PC-0853,PUN-District-22-Seat-853,DIST-0563,ST-16,Hon. MP Chameli Setty,Lok Sabha
PC-0854,PUN-District-23-Seat-854,DIST-0564,ST-16,Hon. MP Elijah Bhasin,Lok Sabha
PC-0855,CHH-District-01-Seat-855,DIST-0565,ST-17,Hon. MP Nakul Sarraf,Lok Sabha
PC-0856,CHH-District-01-Seat-856,DIST-0565,ST-17,Hon. MP Ojasvi Sule,Rajya Sabha
PC-0857,CHH-District-02-Seat-857,DIST-0566,ST-17,Hon. MP Ucchal Jani,Rajya Sabha
PC-0858,CHH-District-03-Seat-858,DIST-0567,ST-17,Hon. MP Harini Dhawan,Lok Sabha
PC-0859,CHH-District-03-Seat-859,DIST-0567,ST-17,Hon. MP Dhriti Nagar,Lok Sabha
PC-0860,CHH-District-04-Seat-860,DIST-0568,ST-17,Hon. MP Hemani Rastogi,Lok Sabha
PC-0861,CHH-District-04-Seat-861,DIST-0568,ST-17,Hon. MP Kalpit Prabhakar,Rajya Sabha
PC-0862,CHH-District-05-Seat-862,DIST-0569,ST-17,Hon. MP Yutika Cherian,Rajya Sabha
PC-0863,CHH-District-05-Seat-863,DIST-0569,ST-17,Hon. MP Eiravati Khurana,Lok Sabha
PC-0864,CHH-District-06-Seat-864,DIST-0570,ST-17,Hon. MP Unnati Das,Lok Sabha
PC-0865,CHH-District-06-Seat-865,DIST-0570,ST-17,Hon. MP Amara Sengupta,Rajya Sabha
PC-0866,CHH-District-07-Seat-866,DIST-0571,ST-17,Hon. MP Yug Dhaliwal,Lok Sabha
PC-0867,CHH-District-08-Seat-867,DIST-0572,ST-17,Hon. MP Gunbir Bedi,Lok Sabha
PC-0868,CHH-District-09-Seat-868,DIST-0573,ST-17,Hon. MP Bina Rajagopalan,Lok Sabha
PC-0869,CHH-District-09-Seat-869,DIST-0573,ST-17,Hon. MP Omya Kothari,Rajya Sabha
PC-0870,CHH-District-10-Seat-870,DIST-0574,ST-17,Hon. MP Nathaniel Narang,Lok Sabha
PC-0871,CHH-District-10-Seat-871,DIST-0574,ST-17,Hon. MP Dhriti Gupta,Rajya Sabha
PC-0872,CHH-District-11-Seat-872,DIST-0575,ST-17,Hon. MP Nathaniel Tara,Rajya Sabha
PC-0873,CHH-District-12-Seat-873,DIST-0576,ST-17,Hon. MP Yutika Sibal,Lok Sabha
PC-0874,CHH-District-12-Seat-874,DIST-0576,ST-17,Hon. MP Wishi Morar,Lok Sabha
PC-0875,CHH-District-13-Seat-875,DIST-0577,ST-17,Hon. MP Widisha Bajaj,Rajya Sabha
PC-0876,CHH-District-14-Seat-876,DIST-0578,ST-17,Hon. MP Gautam Ramaswamy,Lok Sabha
PC-0877,CHH-District-15-Seat-877,DIST-0579,ST-17,Hon. MP Yashasvi Shankar,Lok Sabha
PC-0878,CHH-District-16-Seat-878,DIST-0580,ST-17,Hon. MP Wridesh Kale,Lok Sabha
PC-0879,CHH-District-17-Seat-879,DIST-0581,ST-17,Hon. MP Ira Bava,Lok Sabha
PC-0880,CHH-District-17-Seat-880,DIST-0581,ST-17,Hon. MP Chandresh Manda,Rajya Sabha
PC-0881,CHH-District-18-Seat-881,DIST-0582,ST-17,Hon. MP Warda Singhal,Rajya Sabha
PC-0882,CHH-District-19-Seat-882,DIST-0583,ST-17,Hon. MP Bhavika Yadav,Lok Sabha
PC-0883,CHH-District-20-Seat-883,DIST-0584,ST-17,Hon. MP Abhiram Chokshi,Lok Sabha
PC-0884,CHH-District-21-Seat-884,DIST-0585,ST-17,Hon. MP Raagini Desai,Lok Sabha
PC-0885,CHH-District-21-Seat-885,DIST-0585,ST-17,Hon. MP Aishani Pau,Lok Sabha
PC-0886,CHH-District-22-Seat-886,DIST-0586,ST-17,Hon. MP Neha Pau,Lok Sabha
PC-0887,CHH-District-23-Seat-887,DIST-0587,ST-17,Hon. MP Chakradev Rattan,Lok Sabha
PC-0888,CHH-District-23-Seat-888,DIST-0587,ST-17,Hon. MP Charan Hayer,Lok Sabha
PC-0889,CHH-District-24-Seat-889,DIST-0588,ST-17,Hon. MP Janani Mani,Lok Sabha
PC-0890,CHH-District-24-Seat-890,DIST-0588,ST-17,Hon. MP Ethan Raju,Lok Sabha
PC-0891,CHH-District-25-Seat-891,DIST-0589,ST-17,Hon. MP Yamini Seshadri,Lok Sabha
PC-0892,CHH-District-25-Seat-892,DIST-0589,ST-17,Hon. MP Ati Dani,Lok Sabha
PC-0893,CHH-District-26-Seat-893,DIST-0590,ST-17,Hon. MP Kabir Chatterjee,Rajya Sabha
PC-0894,CHH-District-27-Seat-894,DIST-0591,ST-17,Hon. MP Meera Prakash,Lok Sabha
PC-0895,CHH-District-27-Seat-895,DIST-0591,ST-17,Hon. MP Harinakshi Pau,Lok Sabha
PC-0896,CHH-District-28-Seat-896,DIST-0592,ST-17,Hon. MP Maanas Issac,Lok Sabha
PC-0897,CHH-District-29-Seat-897,DIST-0593,ST-17,Hon. MP Yashodhara Ratti,Lok Sabha
PC-0898,CHH-District-29-Seat-898,DIST-0593,ST-17,Hon. MP Xiti Baria,Lok Sabha
PC-0899,CHH-District-30-Seat-899,DIST-0594,ST-17,Hon. MP Chakradev Barad,Lok Sabha
PC-0900,CHH-District-31-Seat-900,DIST-0595,ST-17,Hon. MP Laksh Nath,Rajya Sabha
PC-0901,CHH-District-32-Seat-901,DIST-0596,ST-17,Hon. MP Urvi Venkataraman,Lok Sabha
PC-0902,CHH-District-33-Seat-902,DIST-0597,ST-17,Hon. MP Tanmayi Dixit,Lok Sabha
PC-0903,CHH-District-33-Seat-903,DIST-0597,ST-17,Hon. MP Yutika Dey,Rajya Sabha
PC-0904,HAR-District-01-Seat-904,DIST-0598,ST-18,Hon. MP Falak Nagar,Lok Sabha
PC-0905,HAR-District-01-Seat-905,DIST-0598,ST-18,Hon. MP Nicholas Ramaswamy,Lok Sabha
PC-0906,HAR-District-02-Seat-906,DIST-0599,ST-18,Hon. MP Chandani Nayar,Lok Sabha
PC-0907,HAR-District-03-Seat-907,DIST-0600,ST-18,Hon. MP Yashica Upadhyay,Rajya Sabha
PC-0908,HAR-District-03-Seat-908,DIST-0600,ST-18,Hon. MP Vrishti Mistry,Rajya Sabha
PC-0909,HAR-District-04-Seat-909,DIST-0601,ST-18,Hon. MP Vaishnavi Badal,Lok Sabha
PC-0910,HAR-District-04-Seat-910,DIST-0601,ST-18,Hon. MP Jyoti Narula,Lok Sabha
PC-0911,HAR-District-05-Seat-911,DIST-0602,ST-18,Hon. MP Imaran Saha,Lok Sabha
PC-0912,HAR-District-05-Seat-912,DIST-0602,ST-18,Hon. MP Darika Bala,Lok Sabha
PC-0913,HAR-District-06-Seat-913,DIST-0603,ST-18,Hon. MP Urvi Lanka,Rajya Sabha
PC-0914,HAR-District-06-Seat-914,DIST-0603,ST-18,Hon. MP Vedant Behl,Rajya Sabha
PC-0915,HAR-District-07-Seat-915,DIST-0604,ST-18,Hon. MP Varsha Garde,Lok Sabha
PC-0916,HAR-District-07-Seat-916,DIST-0604,ST-18,Hon. MP Lajita Divan,Lok Sabha
PC-0917,HAR-District-08-Seat-917,DIST-0605,ST-18,Hon. MP Xavier Balay,Rajya Sabha
PC-0918,HAR-District-09-Seat-918,DIST-0606,ST-18,Hon. MP Imaran Halder,Lok Sabha
PC-0919,HAR-District-09-Seat-919,DIST-0606,ST-18,Hon. MP Anirudh Sastry,Lok Sabha
PC-0920,HAR-District-10-Seat-920,DIST-0607,ST-18,Hon. MP Dipta Sahota,Lok Sabha
PC-0921,HAR-District-10-Seat-921,DIST-0607,ST-18,Hon. MP Max Sachar,Lok Sabha
PC-0922,HAR-District-11-Seat-922,DIST-0608,ST-18,Hon. MP Samar Roy,Lok Sabha
PC-0923,HAR-District-12-Seat-923,DIST-0609,ST-18,Hon. MP Yachana Sinha,Rajya Sabha
PC-0924,HAR-District-13-Seat-924,DIST-0610,ST-18,Hon. MP David Devi,Lok Sabha
PC-0925,HAR-District-14-Seat-925,DIST-0611,ST-18,Hon. MP Zilmil Johal,Lok Sabha
PC-0926,HAR-District-15-Seat-926,DIST-0612,ST-18,Hon. MP Ekta Sridhar,Rajya Sabha
PC-0927,HAR-District-15-Seat-927,DIST-0612,ST-18,Hon. MP Krisha Murthy,Rajya Sabha
PC-0928,HAR-District-16-Seat-928,DIST-0613,ST-18,Hon. MP Oscar Sharaf,Lok Sabha
PC-0929,HAR-District-17-Seat-929,DIST-0614,ST-18,Hon. MP Hema Pandya,Lok Sabha
PC-0930,HAR-District-18-Seat-930,DIST-0615,ST-18,Hon. MP Aishani Sule,Lok Sabha
PC-0931,HAR-District-19-Seat-931,DIST-0616,ST-18,Hon. MP Rehaan Koshy,Lok Sabha
PC-0932,HAR-District-20-Seat-932,DIST-0617,ST-18,Hon. MP Arya Misra,Lok Sabha
PC-0933,HAR-District-21-Seat-933,DIST-0618,ST-18,Hon. MP Umang Mishra,Lok Sabha
PC-0934,HAR-District-22-Seat-934,DIST-0619,ST-18,Hon. MP Bhavya Johal,Lok Sabha
PC-0935,HAR-District-22-Seat-935,DIST-0619,ST-18,Hon. MP Vrinda Nadig,Lok Sabha
