rule_id,rule_name,source_id,source_document,section,rule_category,original_text,normalized_rule,condition,applicability,temporal_era,severity,confidence
MPLADS-WF-001,Mandatory Work Recommendation via eSAKSHI,SRC-001,MPLADS eSAKSHI Guidelines 2023,Section 2.1,WORK_RECOMMENDATION,MP recommends works online through the eSAKSHI portal to the District Authority.,Every project must originate from an authorized MP recommendation record before sanction.,project.recommendation_date <= project.sanction_date,ALL_PROJECTS,ALL,CRITICAL,1.0
MPLADS-TIMELINE-002,One-Year Project Completion Norm,SRC-001,MPLADS Guidelines Section 3,Section 3.2,TIMELINE,All sanctioned works shall ordinarily be completed within one year from the date of sanction.,Project execution duration should not exceed 365 days without formal recorded extension.,project.actual_duration_days <= 365 or project.extension_count > 0,ALL_PROJECTS,ALL,MEDIUM,0.95
MPLADS-PAYMENT-003,Advance Payment Cap to Implementing Agency,SRC-001,MPLADS Guidelines Section 4,Section 4.1,PAYMENT,Advance payment to implementing agency shall not exceed 50% of sanctioned cost upon work order issuance.,Initial disbursement prior to recorded physical milestone progress is capped at 50% of sanctioned amount.,initial_payment <= 0.50 * sanctioned_amount,ALL_PROJECTS,ALL,HIGH,1.0
MPLADS-EVIDENCE-004,Measurement Book (MB) & Geotagged Photo Requirement,SRC-001,MPLADS eSAKSHI Guidelines Section 4.2,Section 4.2,DOCUMENTATION,Subsequent payments are strictly conditional on verification of physical progress via Measurement Book (MB) and uploading of stage-wise geotagged photographs on eSAKSHI.,Progress payments and completion claims require valid MB entry and verified geotagged photos.,missing_mb_flag == 0 and missing_geotag_flag == 0,ESAKSHI_ERA,POST_2023,HIGH,1.0
DOE-PROC-001,Open Competitive Bidding Threshold (> Rs 2.5 Lakhs),SRC-002,GFR 2017 Rule 161,Rule 161,PROCUREMENT,Open competitive bidding is mandatory for works exceeding financial threshold of Rs. 2.5 Lakhs.,"Works with value > Rs 2,50,000 must undergo open competitive tendering.",sanctioned_amount <= 250000 or bid_count >= 2,"STATE_TENDER,CENTRAL_TENDER",ALL,HIGH,0.95
DOE-PROC-002,Single-Bid Tender Verification Norm,SRC-002,DoE Procurement Policy Manual,Section 5.3,TENDER,"In case of single bid response, reasonableness of rate must be verified against current Schedule of Rates (SOR).",Single-bid awards must not exceed approved SOR by more than 5%.,single_bid_flag == 0 or sor_deviation_ratio <= 0.05,ALL_PROCUREMENT,ALL,HIGH,0.9
DOE-COST-003,Contract Variation / Amendment Cap (10%),SRC-002,GFR 2017 Rule 141,Rule 141,COST_ESTIMATION,Cost escalation or variation orders shall not exceed 10% of the original contract value without prior approval.,Actual expenditure should not exceed sanctioned/contract value by more than 10%.,cost_to_sanction_ratio <= 1.10,ALL_PROJECTS,ALL,HIGH,0.95
GEM-GTC-001,GeM Delivery & Liquidated Damages SLA,SRC-004,GeM GTC v4.0,Clause 14,CONTRACT,Liquidated Damages (LD) of 0.5% per week up to a maximum of 10% applies for delayed supply/execution.,"For GeM procurement, execution delays beyond contractual delivery date must trigger penalty review.",procurement_channel != 'GEM' or delay_days == 0,GEM_ONLY,ALL,MEDIUM,0.9
MPLADS-ELIG-005,Prohibited Works Filter,SRC-001,MPLADS Guidelines Annexure-II,Annexure-II,ELIGIBILITY,Works for private individuals or religious bodies are strictly prohibited.,Work type and beneficiary category must be strictly public community assets.,is_prohibited_category == 0,ALL_PROJECTS,ALL,CRITICAL,1.0
