source_id,source_name,organization,source_type,url,priority,authority_level,classification,access_status,last_checked,document_count,notes
SRC-001,MPLADS eSAKSHI Portal & Guidelines,Ministry of Statistics & Programme Implementation (MoSPI),MPLADS_OPERATIONAL,https://mplads.mospi.gov.in/digigov/dashboard.html,1,LEVEL_1,NORMATIVE,ACTIVE,2026-08-28,12,Primary normative source for MPLADS recommendation-to-completion digital workflow (eSAKSHI era post April 2023)
SRC-002,Procurement Policy Division Archive,Department of Expenditure (Ministry of Finance),PROCUREMENT_POLICY,https://doe.gov.in/archive/procurement-policy-division,2,LEVEL_2,NORMATIVE,ACTIVE,2026-08-28,24,General Financial Rules 2017 and central procurement manual standards and thresholds
SRC-003,Department of Expenditure Main Portal,Department of Expenditure (Ministry of Finance),FINANCIAL_CONTROL,https://doe.gov.in/,2,LEVEL_2,NORMATIVE,ACTIVE,2026-08-28,8,Financial delegation limits and public expenditure management instructions
SRC-004,GeM General Terms and Conditions (GTC),Government e-Marketplace (GeM) - Ministry of Commerce,PROCUREMENT_CONTRACT,https://assets-bg.gem.gov.in/resources/upload/shared_doc/gtc/general-te-1675401798.pdf,3,LEVEL_3,CONTRACTUAL,ACTIVE,2026-08-28,1,Mandatory terms for GeM procurement channel transactions and SLA obligations
SRC-005,CAG Audit Reports & Findings,Comptroller and Auditor General of India,AUDIT_OBSERVATION,https://cag.gov.in/en/audit-report,4,LEVEL_4,AUDIT_EVIDENCE,ACTIVE,2026-08-28,18,Empirical audit irregularity patterns and compliance deficiency observations
SRC-006,Public Accounts Committee Reports,Parliament of India (Lok Sabha Secretariat),PARLIAMENTARY_OVERSIGHT,https://sansad.in/ls/committee/financial-committees/26-Public%20Accounts,5,LEVEL_5,PARLIAMENTARY_OVERSIGHT,ACTIVE,2026-08-28,6,Parliamentary review on scheme fund utilization and audit compliance follow-up
SRC-007,DARPG Governance Principles,Department of Administrative Reforms and Public Grievances,GOVERNANCE_GUIDANCE,https://www.darpg.gov.in/,6,LEVEL_6,GOVERNANCE_GUIDANCE,ACTIVE,2026-08-28,4,Citizen charters and public transparency standards in scheme execution
SRC-008,Government Open Data Platform,Open Government Data (OGD) Platform India,GOVERNMENT_OPEN_DATA,https://www.data.gov.in/,7,LEVEL_7,REFERENCE_DATA,ACTIVE,2026-08-28,15,Master demographic district boundary and infrastructure reference datasets
SRC-009,Constitution of India (Financial Provisions),Ministry of Law & Justice / Legislative Department,CONSTITUTIONAL_LAW,https://legislative.gov.in/constitution-of-india/,8,LEVEL_8,LEGAL_CONTEXT,ACTIVE,2026-08-28,1,Constitutional framework (Articles 148-151 for CAG and 266 for Consolidated Fund)
